video_id,title,creator,category,published_at,views,likes,buzz_score,funny_score,breakout_score,viral_us,url
s466YCiHfKw,JENNIE - FALLEN ANGEL (Official Video),JennieRubyJaneVEVO,podcast,2026-08-28T04:00:19Z,7676247,738051,98.6,97.1,80.9,False,https://bingebuzz.tv/videos/s466YCiHfKw/
6CqeGHXXioU,"Stray Kids ""FARMING"" Video",Stray Kids,viral,2026-08-27T14:00:02Z,3490119,452650,97.3,96.1,79.6,False,https://bingebuzz.tv/videos/6CqeGHXXioU/
HpB4Pcdxsrs,La Perversa - Mona (Video Oficial),La Perversa,viral,2026-08-28T17:00:06Z,536581,68003,96.0,98.7,44.7,True,https://bingebuzz.tv/videos/HpB4Pcdxsrs/
7WRXul_7ORU,water is no longer safe,JudeLow,viral,2026-08-28T20:19:15Z,535650,38594,96.0,96.3,45.3,True,https://bingebuzz.tv/videos/7WRXul_7ORU/
t_c22yAPyRg,Athletes get Concussions & LOSE THEIR MINDS #shorts,Druski,sketch,2026-08-26T23:29:17Z,3334500,205908,94.9,88.0,78.3,False,https://bingebuzz.tv/videos/t_c22yAPyRg/
eTqT0TTMyeg,REACHING THE END? | Endacopia - Part 4,Markiplier,viral,2026-08-28T15:58:10Z,499898,36911,94.8,94.0,44.8,True,https://bingebuzz.tv/videos/eTqT0TTMyeg/
87gO7HMUHeo,"AZ Chike - Look Like My Mama ft. Tyler, The Creator",Az Chike,viral,2026-08-28T04:00:06Z,463959,47935,94.5,94.2,80.5,True,https://bingebuzz.tv/videos/87gO7HMUHeo/
0bS6LVT7SyQ,skibidi toilet - season 26 (all episodes),skibidi,viral,2026-08-28T14:00:06Z,2461832,96446,93.3,86.6,43.5,True,https://bingebuzz.tv/videos/0bS6LVT7SyQ/
cOARkf5ZmtI,FALLEN ANGEL,JENNIE - Topic,viral,2026-08-28T04:05:04Z,583583,37389,93.2,86.8,42.9,True,https://bingebuzz.tv/videos/cOARkf5ZmtI/
DlRoO6C1rSg,Marvel’s Wolverine - Game Features Trailer | PS5 Games,PlayStation,viral,2026-08-28T12:00:23Z,1064524,38506,93.0,79.3,81.4,True,https://bingebuzz.tv/videos/DlRoO6C1rSg/
qRLTbHUl44U,Escape From Playtime: A Smiling Critters Adventure | Reveal Trailer,Mob Entertainment,shorts,2026-08-26T18:49:54Z,1110786,72032,92.6,90.4,76.3,False,https://bingebuzz.tv/videos/qRLTbHUl44U/
0A3HbZlX5kU,CG5 × Ironmouse - GO GO GO (Official Music Video),CG5,viral,2026-08-28T22:00:06Z,115511,16569,91.7,98.9,48.8,True,https://bingebuzz.tv/videos/0A3HbZlX5kU/
0KKpAF0dxhE,The TRUE Fnaf World NUZLOCKE,AstralSpiff,viral,2026-08-28T13:00:33Z,408578,15972,91.6,78.3,82.1,True,https://bingebuzz.tv/videos/0KKpAF0dxhE/
LVj7Zh90oLQ,Superstar Pride - First Day Out (Official Video),Superstar Pride,viral,2026-08-27T02:57:45Z,566695,31974,91.5,89.5,77.3,False,https://bingebuzz.tv/videos/LVj7Zh90oLQ/
IcXdxrZdLTM,Persona 4 Revival - Prime Time Golden Hour Show ( Battle Theme ),Faz,viral,2026-08-28T15:59:38Z,242087,15427,91.4,90.5,46.0,True,https://bingebuzz.tv/videos/IcXdxrZdLTM/
4Z_4yqWGRjQ,GTA 6: Every New Gameplay Feature & Mechanic YOU MISSED,TGG,viral,2026-08-28T10:23:38Z,1353457,39593,90.4,73.4,81.3,True,https://bingebuzz.tv/videos/4Z_4yqWGRjQ/
Qe6T4dSnWhI,Rod Wave - I Am (Official Audio),RodWave,viral,2026-08-28T04:00:11Z,340096,14010,89.7,79.3,80.3,True,https://bingebuzz.tv/videos/Qe6T4dSnWhI/
jowG5tweqSY,The Final PEAK...,SMii7Y,viral,2026-08-27T19:13:28Z,2346084,69597,89.6,66.0,79.7,True,https://bingebuzz.tv/videos/jowG5tweqSY/
cbKbG7p2WPw,Recreating Animals Noises To HIDE From The Hunter....,Bigpuffer,viral,2026-08-28T19:00:05Z,123474,6912,88.2,79.1,47.4,True,https://bingebuzz.tv/videos/cbKbG7p2WPw/
MYKRM8Cv0uc,Ray Price crashing out #shorts,Druski,sketch,2026-08-27T18:14:36Z,223483,11926,88.1,84.6,78.4,False,https://bingebuzz.tv/videos/MYKRM8Cv0uc/
ItsrTiYI5fI,La Mas Doll X Malu Trevejo - Paso 1 Remix ( Video Oficial ),La Mas Doll,viral,2026-08-28T17:33:16Z,93063,9842,87.9,96.8,47.9,True,https://bingebuzz.tv/videos/ItsrTiYI5fI/
tURhv37P1UQ,THE VANOSS CREW REACTS TO GTA 6 GAMEPLAY,TerroriserXtra,viral,2026-08-28T02:30:00Z,687308,19112,87.5,61.4,79.9,False,https://bingebuzz.tv/videos/tURhv37P1UQ/
HZNeoCBLOLw,Brandon Lake - How Good God Is (Lyric Video),BrandonLakeVEVO,viral,2026-08-28T04:00:26Z,187198,7840,87.4,80.5,80.3,True,https://bingebuzz.tv/videos/HZNeoCBLOLw/
T8REVNbmw2Q,How do you mess up this bad..,Asmongold TV  ,viral,2026-08-28T20:44:12Z,407211,12623,87.2,81.4,45.8,True,https://bingebuzz.tv/videos/T8REVNbmw2Q/
Mn9nIiYKX8M,Something Isn’t Right At This Farm…,CaseOh,viral,2026-08-28T22:00:27Z,61189,3832,86.4,94.5,50.1,True,https://bingebuzz.tv/videos/Mn9nIiYKX8M/
wSm9GTUttBs,GTA 6 (Grand Theft Auto 6) - Official Extended Gameplay,IGN,viral,2026-08-28T01:28:32Z,3223084,66976,86.0,61.0,80.8,True,https://bingebuzz.tv/videos/wSm9GTUttBs/
DGIwKF879vo,"""Books Make You Gay"" 🎤: Sarah Tiana | @sarahtiana | Full Video on our Channel!",Don't Tell Comedy,standup,2026-08-27T21:00:00Z,188199,7694,85.9,78.0,78.9,False,https://bingebuzz.tv/videos/DGIwKF879vo/
Ca77yvpNdfA,Trim - Get Hit (Official Music Video),TrimOfficial,viral,2026-08-28T04:34:12Z,79435,7892,85.9,94.2,80.0,True,https://bingebuzz.tv/videos/Ca77yvpNdfA/
79BC7FbkI8I,Jim Jones X Fabolous - New York (Official Music Video),Jim Jones,viral,2026-08-28T16:00:06Z,87758,5880,85.8,94.3,47.6,True,https://bingebuzz.tv/videos/79BC7FbkI8I/
vhDp8aoCZ2g,Hunxho - I Love My Hoe [Official Video],Hunxho,viral,2026-08-28T04:00:06Z,81966,5600,85.8,89.7,80.3,True,https://bingebuzz.tv/videos/vhDp8aoCZ2g/
Lyi7Kg446EI,"""Young vs. Old Moms"" 🎤: Sarah Tiana | @sarahtiana | Full Video on our Channel!",Don't Tell Comedy,shorts,2026-08-24T21:00:09Z,944095,41544,85.7,74.1,71.1,False,https://bingebuzz.tv/videos/Lyi7Kg446EI/
5i-Vqzp7fUs,Banana Breads or Kimchi Donuts Today on Patreon,Bad Friends,shorts,2026-08-28T16:00:29Z,65775,3038,85.7,84.6,83.6,False,https://bingebuzz.tv/videos/5i-Vqzp7fUs/
QzeFhKYcJvA,REACCIONANDO: al Trailer Extendido de GTA 6 - RDJavi,Rdjavi Live,viral,2026-08-28T01:50:26Z,338940,9708,85.1,64.3,80.4,True,https://bingebuzz.tv/videos/QzeFhKYcJvA/
b-If5Nq0log,Thoughts on the GTA 6 Gameplay Reveal,penguinz0,viral,2026-08-27T22:00:15Z,3677119,72913,84.9,57.4,79.9,True,https://bingebuzz.tv/videos/b-If5Nq0log/
5tVN1_XnVDI,CaseOh Reacts To GTA 6 Extended Trailer,MoreCaseOh,viral,2026-08-28T21:10:41Z,83240,3430,84.2,86.1,49.0,True,https://bingebuzz.tv/videos/5tVN1_XnVDI/
Ofl9vf0nXmw,Pokémon Tales: The Misadventures of Sirfetch’d & Pichu | Teaser Trailer,The Official Pokémon YouTube channel,viral,2026-08-28T17:07:18Z,236388,7130,83.7,72.1,46.3,True,https://bingebuzz.tv/videos/Ofl9vf0nXmw/
om-lsGVdfL8,REACCIONANDO a GTA VI Tráiler Exclusivo - TheGrefg,TheGrefg,viral,2026-08-27T22:42:04Z,1469646,36717,83.1,55.3,42.3,True,https://bingebuzz.tv/videos/om-lsGVdfL8/
xE9Qa5KyOMo,I Shouldn’t Have Studied At Night…,CaseOh,viral,2026-08-27T22:00:15Z,600475,13146,83.0,55.9,78.8,False,https://bingebuzz.tv/videos/xE9Qa5KyOMo/
Rf_p472Bp5g,CRY WOLF,Alex Warren - Topic,viral,2026-08-27T10:05:12Z,117790,4680,82.3,70.0,77.4,True,https://bingebuzz.tv/videos/Rf_p472Bp5g/
3X7WkGq5owA,"""Teen Dad"" 🎤: Sharief Johnson | @ShariefJohnsonTV | Full Video on our Channel!",Don't Tell Comedy,standup,2026-08-17T21:00:38Z,768715,70000,81.5,69.8,63.8,False,https://bingebuzz.tv/videos/3X7WkGq5owA/
HQA7fxZ-_r0,GTA 6: Gameplay DETAILS WE FOUND,gameranx,viral,2026-08-27T23:40:11Z,2856276,37110,81.3,47.2,80.5,True,https://bingebuzz.tv/videos/HQA7fxZ-_r0/
SA_eJwrlLGY,why p*rn is so addictive to young men,Theo Von,podcast,2026-08-28T13:38:30Z,32716,1601,81.0,87.0,81.8,False,https://bingebuzz.tv/videos/SA_eJwrlLGY/
fasTKL_uiDw,"""Hitler Was a Painter"" 🎤: Dan Docimo | @dandocimo8934 | Full Video on our Channel!",Don't Tell Comedy,shorts,2026-08-23T21:00:39Z,383701,21967,80.9,76.0,67.1,False,https://bingebuzz.tv/videos/fasTKL_uiDw/
lQf1YCfmT0k,Savannah Dexter- Man Like You Ft. Who TF Is Justin Time? (Official Music Video),SAVANNAH DEXTER,viral,2026-08-27T22:00:06Z,52579,6013,80.8,93.4,76.3,False,https://bingebuzz.tv/videos/lQf1YCfmT0k/
uphThaa97ig,Grand Theft Auto VI: An Extended Look | Now Playing | Netflix,Netflix,viral,2026-08-27T19:08:02Z,4781948,50628,80.6,37.9,80.1,True,https://bingebuzz.tv/videos/uphThaa97ig/
gXA43tBXy_o,Midnight Universe | Official Trailer | Marvel Comics,Marvel Entertainment,viral,2026-08-28T13:00:45Z,548087,7921,80.5,45.7,81.5,True,https://bingebuzz.tv/videos/gXA43tBXy_o/
GlR6P_R36Z8,WHAT'S THE BUDGET !? #shorts,Druski,shorts,2026-08-27T14:43:57Z,304779,8350,80.5,65.9,76.1,False,https://bingebuzz.tv/videos/GlR6P_R36Z8/
4kYcUytajoA,A REAL sweat test!!! #DoveMenPartner @DoveMenCare #StillDry,CalebCity,shorts,2026-08-26T19:24:44Z,134637,11250,80.4,83.2,70.4,False,https://bingebuzz.tv/videos/4kYcUytajoA/
xgP8i4xHUF0,Grand Theft Auto VI: An Extended Look - Angry Reaction!,AngryJoeShow,viral,2026-08-27T21:59:57Z,343765,7371,80.0,66.0,78.6,False,https://bingebuzz.tv/videos/xgP8i4xHUF0/
RSP2pS4dMQw,Check on your straight dudes today #TheShortlist #EthanSimmonsPaterson,Netflix Is A Joke,shorts,2026-08-26T17:00:00Z,156516,5854,79.9,68.4,74.0,False,https://bingebuzz.tv/videos/RSP2pS4dMQw/
0gGA3eIXI9w,Conan's wife Liza describes living with him. #podcast #comedy,Team Coco,shorts,2026-08-27T19:00:28Z,319953,6909,79.8,53.6,78.9,False,https://bingebuzz.tv/videos/0gGA3eIXI9w/
x64Ipynq8fM,GTA 6 - Netflix An Extended Look Trailer - Reaction!,Tyrone Magnus,viral,2026-08-27T22:15:54Z,236315,6043,79.5,64.7,77.1,False,https://bingebuzz.tv/videos/x64Ipynq8fM/
pJU7atqLV90,Spend Dat (Remix),Yung Miami - Topic,viral,2026-08-27T10:00:37Z,70542,2973,79.5,82.3,76.8,True,https://bingebuzz.tv/videos/pJU7atqLV90/
LmapyMLyQy8,ROBLOX CLEAN THE KEYCAPS!,Foltyn,viral,2026-08-27T19:23:24Z,1509348,19132,79.4,47.4,79.0,False,https://bingebuzz.tv/videos/LmapyMLyQy8/
y6xC1VOoKjk,Turning FRIENDS into BUTTER!,Aphmau,viral,2026-08-27T19:43:42Z,566125,9868,79.3,53.8,78.2,False,https://bingebuzz.tv/videos/y6xC1VOoKjk/
4um8ihWCnVg,"FASTEST WAY TO 99 OVR (AFTER PATCH), MAX BADGES, LVL 40 & REBIRTH, and FREE VC in 1 DAY on NBA 2K27",Joe Knows,viral,2026-08-28T02:50:22Z,234107,4859,79.0,53.9,79.9,False,https://bingebuzz.tv/videos/4um8ihWCnVg/
e3L4PBgy8UQ,This Game is NOT About Cleaning Leaves..,CashBlox,viral,2026-08-28T17:00:17Z,177385,4418,78.5,69.1,46.6,True,https://bingebuzz.tv/videos/e3L4PBgy8UQ/
YRX3Utn-ZX8,"Conan, Sona, & Gourley's Spouses Take Over The Podcast | Conan O'Brien Needs A Friend",Team Coco,podcast,2026-08-27T12:00:19Z,341163,8057,78.4,64.6,75.5,False,https://bingebuzz.tv/videos/YRX3Utn-ZX8/
9t7PXiBIBA8,Are hot dogs masculine or feminine?,Smosh,shorts,2026-08-26T00:00:18Z,184459,7205,78.0,66.4,70.6,False,https://bingebuzz.tv/videos/9t7PXiBIBA8/
MfHEZw7Xw_c,THE SOCIAL RECKONING – New Trailer (4K),Sony Pictures Entertainment,viral,2026-08-26T21:00:09Z,1408750,17329,77.8,37.1,77.6,False,https://bingebuzz.tv/videos/MfHEZw7Xw_c/
DkFjHSF-c8c,medication that works,Saturday Night Live,sketch,2026-08-13T21:27:14Z,1552511,65141,77.7,62.1,62.1,False,https://bingebuzz.tv/videos/DkFjHSF-c8c/
bcWemwMLhmM,GTA VI - Netflix First Look! - Group Reaction!!,The Normies,viral,2026-08-28T01:09:24Z,222009,4428,77.6,52.4,79.2,False,https://bingebuzz.tv/videos/bcWemwMLhmM/
jnegDjHEnks,Why John Cena wears his iconic jorts in the WWE ring. #podcast #comedy,Team Coco,podcast,2026-08-25T19:00:04Z,456188,11851,77.5,56.7,71.7,False,https://bingebuzz.tv/videos/jnegDjHEnks/
1EiNyJSlyz8,Conan & his wife Liza remember their first date. #podcast #comedy,Team Coco,podcast,2026-08-26T19:00:39Z,371652,8429,77.4,51.1,74.6,False,https://bingebuzz.tv/videos/1EiNyJSlyz8/
I-81J-g2wyU,🔴LIVE | LEBRON OF TARKOV | Gimmick X Hutch | EFT x Hunger Games Tourny Tmo | GTA NEWS | #BUNGULATE,TheBurntPeanut,viral,2026-08-28T08:49:14Z,783780,7990,77.3,30.6,77.8,True,https://bingebuzz.tv/videos/I-81J-g2wyU/
R5PpVF7htHg,This Hidden Detail in VISIONQUEST Broke My Brain!,New Rockstars,viral,2026-08-27T23:47:34Z,293732,5443,77.3,48.4,78.5,True,https://bingebuzz.tv/videos/R5PpVF7htHg/
jnojiu5x-r0,John Cena taught himself how to lift weights. #podcast #comedy,Team Coco,shorts,2026-08-28T19:00:06Z,28430,1197,76.9,73.3,50.0,False,https://bingebuzz.tv/videos/jnojiu5x-r0/
TmQh0LZ2Ylg,Illiterate?,CalebCity,sketch,2026-08-18T02:28:52Z,569314,80716,76.8,81.2,58.7,False,https://bingebuzz.tv/videos/TmQh0LZ2Ylg/
tPdQQRFmrQY,KT #782 - RON WHITE + JERRON  HORTON,Kill Tony,podcast,2026-08-25T01:00:06Z,2095769,32288,76.7,53.2,74.5,False,https://bingebuzz.tv/videos/tPdQQRFmrQY/
qdyKbeIy87A,"UNABOMBER Official Trailer (2026) Russell Crowe, Shailene Woodley",ONE Media,viral,2026-08-27T14:09:19Z,695386,3927,76.7,38.1,78.1,True,https://bingebuzz.tv/videos/qdyKbeIy87A/
_tddI5pYf_E,NOOB vs PRO TREEHOUSE in Minecraft…,PrestonPlayz,viral,2026-08-27T20:00:22Z,436585,5758,76.6,37.8,79.0,False,https://bingebuzz.tv/videos/_tddI5pYf_E/
CYGsFOGmlps,"""Gen Z Eyebrows"" 🎤: Liz Blanc | Full Video on our Channel!",Don't Tell Comedy,shorts,2026-08-14T21:00:15Z,1540243,50039,76.4,58.2,64.1,False,https://bingebuzz.tv/videos/CYGsFOGmlps/
fs-NfqbSNEE,"""Arab Friends"" 🎤: Josh Ocean Thomas | @joshoceanthomas | Full Video on our Channel!",Don't Tell Comedy,shorts,2026-08-29T00:00:24Z,6706,585,76.4,79.5,54.4,False,https://bingebuzz.tv/videos/fs-NfqbSNEE/
XvRZcoD6_eg,Lanterns Episode 3 Trailer: Guy Gardner Green Lantern vs John Stewart Breakdown & Easter Eggs,Emergency Awesome,viral,2026-08-27T19:51:32Z,549832,6019,76.2,37.5,78.2,True,https://bingebuzz.tv/videos/XvRZcoD6_eg/
pg6MGb17eSM,That GTA 6 Netflix Trailer Just Changed EVERYTHING....,RGT 85,viral,2026-08-27T20:22:51Z,110376,3437,76.2,77.5,74.1,False,https://bingebuzz.tv/videos/pg6MGb17eSM/
MwxOMBkLYtw,Wallflower,Dominic Fike - Topic,viral,2026-08-28T04:00:05Z,68640,2543,75.8,72.2,45.6,True,https://bingebuzz.tv/videos/MwxOMBkLYtw/
ZC6QCuGWuGA,Venting Wife - mark normand #shorts #comedy #wife #funny,mark normand,shorts,2026-08-22T19:15:07Z,371027,16925,75.5,65.9,62.6,False,https://bingebuzz.tv/videos/ZC6QCuGWuGA/
T-XvSYl6Z8Y,"""African Households"" 🎤: Sam Biru | @SamBiruComedy | Full Video on our Channel!",Don't Tell Comedy,shorts,2026-08-26T21:00:38Z,79650,3761,75.4,70.0,70.2,False,https://bingebuzz.tv/videos/T-XvSYl6Z8Y/
X5ka-gKuL-M,We Made An All Dudes Reality Show. It Was A Mistake | Bit City,Smosh,podcast,2026-08-21T16:00:38Z,304408,15387,75.1,75.3,62.8,False,https://bingebuzz.tv/videos/X5ka-gKuL-M/
ytcMZ4dPKL8,EL ZORRO 2.0,Los Varones De Culiacan - Topic,viral,2026-08-27T10:02:39Z,68666,1853,74.7,49.0,78.1,True,https://bingebuzz.tv/videos/ytcMZ4dPKL8/
55MsrmjFIhg,Joe Rogan Is A Shapeshifter | FILE_15 | Mystery Boys,YMH Studios,podcast,2026-08-28T01:00:06Z,146805,2739,74.6,61.0,78.3,False,https://bingebuzz.tv/videos/55MsrmjFIhg/
Ih5wu-_U_DU,Ep 633 - Submerged in Silence,Matt and Shane's Secret Podcast,podcast,2026-08-26T12:00:37Z,550619,8903,74.5,54.0,73.9,False,https://bingebuzz.tv/videos/Ih5wu-_U_DU/
tvI_sZUecHw,Using GLITCHES to Cheat In Animal Hospital Hide & Seek!,Techy Plays,viral,2026-08-28T14:00:33Z,257565,4585,74.5,56.5,45.6,True,https://bingebuzz.tv/videos/tvI_sZUecHw/
01mWBodtiUs,Gta 6 trailer,MoistCr1TiKaL Gaming,viral,2026-08-27T20:02:27Z,653117,8127,74.3,47.5,74.5,False,https://bingebuzz.tv/videos/01mWBodtiUs/
HT4UpMu4l2s,Gen-Z fashion and Boomer fashion feel equally insane #KelseyCook #HappyHour,Netflix Is A Joke,standup,2026-08-28T15:00:00Z,13905,683,74.1,79.1,80.3,False,https://bingebuzz.tv/videos/HT4UpMu4l2s/
s4lBFNflUPM,GIRLFRIEND TSUNAMI vs. Doomsday Bunker (Minecraft),Cash,viral,2026-08-28T15:00:35Z,471664,6027,73.7,50.8,44.6,True,https://bingebuzz.tv/videos/s4lBFNflUPM/
YUOQpm_WGe8,John Cena (Full Episode) | Conan O'Brien Needs A Friend,Team Coco,podcast,2026-08-24T11:00:07Z,396767,9697,73.7,61.0,69.1,False,https://bingebuzz.tv/videos/YUOQpm_WGe8/
ZYTlEXij6oY,Fat and Loaded in Las Vegas | Road to the Special | Ep 2,Stavros Halkias,crowdwork,2026-08-26T15:00:15Z,123993,3883,73.7,70.4,70.2,False,https://bingebuzz.tv/videos/ZYTlEXij6oY/
O05arcJjOd0,The History of Concrete - Official Trailer | Directed by John Wilson | In Theaters September 18,Magnolia Pictures & Magnet Releasing,viral,2026-08-27T15:03:13Z,101166,2314,73.7,52.5,77.0,False,https://bingebuzz.tv/videos/O05arcJjOd0/
QK1q5yTRY7s,Psych Med Withdrawal Expert Laura Delano | This Past Weekend w/ Theo Von #678,Theo Von,podcast,2026-08-27T19:20:36Z,272825,3192,73.3,52.1,78.0,False,https://bingebuzz.tv/videos/QK1q5yTRY7s/
4zH3806yoiA,Is this a weird breakfast?,AreYouGarbage? Comedy Podcast,shorts,2026-08-24T22:47:08Z,586764,11231,73.0,48.1,69.4,False,https://bingebuzz.tv/videos/4zH3806yoiA/
8R7y8XdQcfI,Evolving from POOR to HACKER Bunker in Minecraft!,Johnny Minecraft,viral,2026-08-28T19:30:54Z,75348,1709,73.0,62.1,49.0,True,https://bingebuzz.tv/videos/8R7y8XdQcfI/
jmY1CJWO2rE,Whitesplaining Racism | Sam Biru | Stand Up Comedy,Don't Tell Comedy,standup,2026-08-26T19:00:23Z,71337,2641,73.0,70.3,70.9,False,https://bingebuzz.tv/videos/jmY1CJWO2rE/
ab_3vQ6_Qj0,I Opened The WORST Hospital in VR!,PrestonGamez,viral,2026-08-28T20:00:14Z,54381,1328,73.0,65.5,49.6,True,https://bingebuzz.tv/videos/ab_3vQ6_Qj0/
_gfPQsRkacI,Gurudev Sri Sri Ravi Shankar | This Past Weekend w/ Theo Von #677,Theo Von,podcast,2026-08-25T14:11:47Z,535423,8126,72.9,52.2,72.9,False,https://bingebuzz.tv/videos/_gfPQsRkacI/
9LNT-mdj_9c,"Forrest Galante On Gay Dolphins, Deadliest Animals, & Cannibal Tribes",FLAGRANT,podcast,2026-08-26T16:00:00Z,361879,4853,72.9,47.1,75.4,False,https://bingebuzz.tv/videos/9LNT-mdj_9c/
u2Hb1WDTCl0,That GTA 6 Netflix Trailer Is Absolutely Insane...,Spawn Wave,podcast,2026-08-27T22:35:22Z,110467,2525,72.9,65.9,75.5,False,https://bingebuzz.tv/videos/u2Hb1WDTCl0/
kP5v8BnSgFw,Grupo Recluta - Cuídame Bien ( runaway en vivo ) 2026,Grupo Recluta,viral,2026-08-28T02:00:06Z,75771,1530,72.8,43.8,79.7,False,https://bingebuzz.tv/videos/kP5v8BnSgFw/
3cZN0OcSsqE,Professor Jiang | This Past Weekend w/ Theo Von #675,Theo Von,podcast,2026-08-13T22:01:31Z,1726584,48642,72.7,63.0,62.0,False,https://bingebuzz.tv/videos/3cZN0OcSsqE/
d7HEckaSKuM,Love Island USA Season 8 Reunion | Official Trailer | Peacock Original,Peacock,shorts,2026-08-26T19:59:46Z,245560,4399,72.6,55.0,74.1,False,https://bingebuzz.tv/videos/d7HEckaSKuM/
McGhjQz6sYY,The First Guy To Ever Make A Billboard,Ryan George,sketch,2026-08-20T21:02:07Z,288314,27279,72.3,80.2,57.7,False,https://bingebuzz.tv/videos/McGhjQz6sYY/
6vgsClI4mY8,🗑️ beach trip,AreYouGarbage? Comedy Podcast,shorts,2026-08-28T21:26:58Z,17858,631,72.2,68.3,52.3,False,https://bingebuzz.tv/videos/6vgsClI4mY8/
WrxBQBQMeYw,Something’s Bubbling | Ep 335 | Bad Friends,Bad Friends,podcast,2026-08-24T16:00:29Z,487396,9230,72.1,53.4,70.0,False,https://bingebuzz.tv/videos/WrxBQBQMeYw/
9Lk1_Tzqp8k,LeBron James - mark normand #jews #lebronjames  #shorts #kirk,mark normand,shorts,2026-08-25T13:12:33Z,146589,5000,72.1,64.2,66.4,False,https://bingebuzz.tv/videos/9Lk1_Tzqp8k/
xO1p57iShho,Kicked Out of Church | Sarah Tiana | Stand Up Comedy,Don't Tell Comedy,standup,2026-08-24T19:00:03Z,81773,4491,72.0,76.9,65.3,False,https://bingebuzz.tv/videos/xO1p57iShho/
LoEAVHcnCC0,Johnny Depp | Adam Ray Comedy,Adam Ray,standup,2026-08-19T19:00:18Z,638180,26522,71.9,64.2,56.6,False,https://bingebuzz.tv/videos/LoEAVHcnCC0/
k2fCvYQNf7s,Do it anyway #shorts,Druski,shorts,2026-07-31T17:20:32Z,1150651,44652,71.7,59.6,56.7,False,https://bingebuzz.tv/videos/k2fCvYQNf7s/
vuyfs_AF_vU,When It's Your First Day In JOJO'S BIZARRE ADVENTURE,RDCworld1,podcast,2026-08-12T20:06:34Z,568215,77780,71.5,79.0,52.8,False,https://bingebuzz.tv/videos/vuyfs_AF_vU/
aMBa9BZoxk0,Sober Friends | Adam Ray Comedy,Adam Ray,shorts,2026-08-25T19:00:27Z,130248,3515,71.5,60.5,70.1,False,https://bingebuzz.tv/videos/aMBa9BZoxk0/
i9By3669da8,Don't believe everything you read on the internet... #Reno911,Comedy Central,sketch,2026-08-24T16:00:45Z,200210,6141,71.4,57.5,65.7,False,https://bingebuzz.tv/videos/i9By3669da8/
82RZb8ZFQ4I,Dolphins are 🏳️‍🌈 #forrestgalante #dolphins #flagrant,FLAGRANT,shorts,2026-08-27T13:45:37Z,97239,2065,71.4,48.4,75.7,False,https://bingebuzz.tv/videos/82RZb8ZFQ4I/
O2IMJlcBXhQ,got it done,Theo Von,shorts,2026-08-25T16:12:59Z,110363,3833,71.3,68.5,67.0,False,https://bingebuzz.tv/videos/O2IMJlcBXhQ/
oMjMn2REuIU,Anymore,Gavin Adcock - Topic,viral,2026-08-27T10:02:49Z,36063,1088,70.9,54.4,75.5,True,https://bingebuzz.tv/videos/oMjMn2REuIU/
iwQ_nrrOO-0,52 Vehicle Details You MISSED In GTA 6 Trailer 3,HarmNone,viral,2026-08-28T11:00:07Z,50160,916,70.6,54.7,80.6,False,https://bingebuzz.tv/videos/iwQ_nrrOO-0/
Ui_QXIKQA1o,People get fired everyday #shorts,Druski,shorts,2026-08-04T17:19:39Z,921124,33142,70.5,54.7,56.7,False,https://bingebuzz.tv/videos/Ui_QXIKQA1o/
MXweBJcoRmM,Super Troopers Jay Chandrasekhar & Steve Lemme | TigerBelly 569,TigerBelly,podcast,2026-08-27T14:00:07Z,160945,2397,70.5,51.1,75.4,False,https://bingebuzz.tv/videos/MXweBJcoRmM/
SPp8zolQvmk,This Is the Luckiest Unluckiest Man on Earth,YMH Studios,shorts,2026-08-27T22:15:24Z,54837,1336,70.3,58.8,75.6,False,https://bingebuzz.tv/videos/SPp8zolQvmk/
VjvXEhtcQ7k,Imagine if you were stuck in the Trojan Horse with theatre kids,Smosh,shorts,2026-08-20T19:00:37Z,308929,33902,70.2,72.7,54.4,False,https://bingebuzz.tv/videos/VjvXEhtcQ7k/
iLZjBCRELEM,Home Alone🏆 FYC 🏆,Saturday Night Live,sketch,2026-08-18T20:21:34Z,551128,22776,70.1,67.0,55.5,False,https://bingebuzz.tv/videos/iLZjBCRELEM/
fZ6sMCnumDk,John Cena On Conan's 1992 Ford Taurus: That Car F**ks! | Conan O'Brien Needs A Friend,Team Coco,podcast,2026-08-28T15:00:19Z,42214,678,70.1,54.7,82.8,False,https://bingebuzz.tv/videos/fZ6sMCnumDk/
XwuDMSlErkk,Youth | Official Trailer | HBO Max,HBO Max,viral,2026-08-27T15:00:28Z,173905,1374,69.8,27.2,76.8,False,https://bingebuzz.tv/videos/XwuDMSlErkk/
y04RJxfv61A,"Everyone agrees, America does movies the best #toshshow #danieltosh #comedy #funny #shorts #podcast",tosh show,shorts,2026-08-28T16:22:28Z,15505,441,69.8,64.6,81.7,False,https://bingebuzz.tv/videos/y04RJxfv61A/
ClNRuT_GauM,Drive Thru Etiquette! | Are You Garbage Comedy Podcast w/ Kevin Ryan & H. Foley,AreYouGarbage? Comedy Podcast,podcast,2026-08-26T23:00:11Z,99307,2280,69.6,61.7,72.5,False,https://bingebuzz.tv/videos/ClNRuT_GauM/
ijo4fQkGmkI,Conan & His Wife Liza Recount Their First Date | Conan O'Brien Needs A Friend,Team Coco,podcast,2026-08-20T12:00:19Z,540054,13450,69.3,55.2,62.5,False,https://bingebuzz.tv/videos/ijo4fQkGmkI/
XGTft5STSuY,"What an honor from Inspectah Deck, Wu-Tang Clan, Czarface - Czariana Grande",We Might Be Drunk Podcast,shorts,2026-08-26T15:47:25Z,60935,1774,69.1,62.2,70.7,False,https://bingebuzz.tv/videos/XGTft5STSuY/
yPvM8DqW4p0,Which Comic Could Start A Cult? w/ Yannis Pappas | Your Mom's House Ep. 874,YMH Studios,podcast,2026-08-26T12:00:27Z,145291,2758,68.6,57.4,71.3,False,https://bingebuzz.tv/videos/yPvM8DqW4p0/
Kxx3Hu6cDGc,Mark Normand BRUTALLY ROASTS Lauren Compton! | First Date Live #shorts,mark normand,shorts,2026-08-28T15:00:18Z,8252,327,68.6,76.4,77.4,False,https://bingebuzz.tv/videos/Kxx3Hu6cDGc/
CH97QpRQJDc,Dame Contacto (Neoperreo),Nobdy - Topic,viral,2026-08-26T12:33:50Z,699650,7041,68.2,27.3,39.5,True,https://bingebuzz.tv/videos/CH97QpRQJDc/
DgOG3NnSevE,I look like a suspect to cops | Marc Yaffee Stand-Up Comedy,Dry Bar Comedy,standup,2026-08-27T21:00:20Z,18129,928,67.9,73.6,70.8,False,https://bingebuzz.tv/videos/DgOG3NnSevE/
ieOp5l12u14,This reality show reunion went off the rails,Smosh,shorts,2026-08-28T00:30:29Z,14975,788,67.9,69.8,72.2,False,https://bingebuzz.tv/videos/ieOp5l12u14/
PyEQo4cvx9c,Duncan Had Some Questions for Hunter Biden,YMH Studios,shorts,2026-08-27T20:45:31Z,24562,822,67.7,69.7,72.9,False,https://bingebuzz.tv/videos/PyEQo4cvx9c/
USh3UVkX1-M,KT #781 - JEFF ARCURI,Kill Tony,podcast,2026-08-18T01:00:06Z,2383176,32279,67.6,44.9,64.9,False,https://bingebuzz.tv/videos/USh3UVkX1-M/
UayVMQ9E8sA,Billy Strings | This Past Weekend w/ Theo Von #676,Theo Von,podcast,2026-08-20T17:24:29Z,517389,10532,67.4,53.2,63.5,False,https://bingebuzz.tv/videos/UayVMQ9E8sA/
V6ztF7yG0oQ,local legend,Theo Von,shorts,2026-08-24T15:15:09Z,118125,4266,67.4,66.7,61.3,False,https://bingebuzz.tv/videos/V6ztF7yG0oQ/
AB8_-FDyPJo,Fat and loaded in Las Vegas,Stavros Halkias,shorts,2026-08-27T14:55:30Z,49010,1031,67.3,52.9,75.0,False,https://bingebuzz.tv/videos/AB8_-FDyPJo/
u8vLc0JlK9s,Por Amarte Así,Natanael Cano - Topic,viral,2026-08-06T17:03:15Z,155697,5966,66.8,48.8,59.6,True,https://bingebuzz.tv/videos/u8vLc0JlK9s/
VFxyV5RyMTU,"3 keys to a successful relationship, according to Gurudev",Theo Von,shorts,2026-08-26T19:28:09Z,36237,1602,66.7,73.4,65.3,False,https://bingebuzz.tv/videos/VFxyV5RyMTU/
ML--vyXckC0,Top 10 Brad Upton Jokes,Dry Bar Comedy,standup,2026-08-28T14:00:06Z,15901,380,66.6,58.8,80.5,False,https://bingebuzz.tv/videos/ML--vyXckC0/
pHpEcXHh7rI,no judgment 🙏,Theo Von,shorts,2026-08-26T14:15:30Z,99700,2502,66.5,61.9,67.3,False,https://bingebuzz.tv/videos/pHpEcXHh7rI/
5OYvGLYDXuI,FULL LA CARTERA,Grupo Los de la O - Topic,viral,2026-08-28T00:04:52Z,32932,669,66.5,38.3,77.0,False,https://bingebuzz.tv/videos/5OYvGLYDXuI/
ruX5XweYnOI,now kiss,Saturday Night Live,sketch,2026-07-31T18:03:53Z,2878957,87071,66.3,48.5,52.8,False,https://bingebuzz.tv/videos/ruX5XweYnOI/
LRib0apgcFc,"""Dating a Guy with a Stutter"" 🎤: Olga Namer | Full Video on our Channel!",Don't Tell Comedy,standup,2026-08-21T21:00:38Z,193874,4717,66.0,55.1,63.8,False,https://bingebuzz.tv/videos/LRib0apgcFc/
F89PDIrpV3I,It begins... | Road to the Special | Ep 1,Stavros Halkias,crowdwork,2026-08-19T15:02:49Z,192100,7289,65.9,66.9,56.8,False,https://bingebuzz.tv/videos/F89PDIrpV3I/
uLQbkdUX6Gw,Ep 629 - Like and Subscribe (feat. Danny McBride & Steve Gerben),Matt and Shane's Secret Podcast,podcast,2026-08-08T11:00:06Z,979894,23510,65.8,53.5,57.2,False,https://bingebuzz.tv/videos/uLQbkdUX6Gw/
ISvmxDACODs,Ep 632 - R.I.P. Andy (feat. Tim Butterly),Matt and Shane's Secret Podcast,podcast,2026-08-21T12:00:26Z,559347,9492,65.8,48.8,63.4,False,https://bingebuzz.tv/videos/ISvmxDACODs/
eTyLyZ3MSeQ,White Mom - William McKenzie,Comedy Dynamics,shorts,2026-08-28T14:00:07Z,4892,293,65.8,76.6,71.8,False,https://bingebuzz.tv/videos/eTyLyZ3MSeQ/
AoCJTgatCsA,Coulda Been Records WASHINGTON D.C. Auditions hosted by Druski,Druski,sketch,2026-07-31T01:00:06Z,6177008,71585,65.7,33.0,63.5,False,https://bingebuzz.tv/videos/AoCJTgatCsA/
pTWRjXX6pc4,"KT #780 - FLUFFY - HARLAND WILLIAMS - ADAM RAY (INTUIT DOME, LOS ANGELES CA)",Kill Tony,podcast,2026-08-11T01:00:06Z,3590844,48291,65.7,42.1,62.5,False,https://bingebuzz.tv/videos/pTWRjXX6pc4/
jzu23EMEqsI,MAHAspital (The New Pitt) 🏆 FYC 🏆,Saturday Night Live,sketch,2026-08-17T20:19:29Z,503612,18405,65.7,61.0,52.5,False,https://bingebuzz.tv/videos/jzu23EMEqsI/
k86U9b05Fz0,Don't be looking at my bih #shorts,Druski,shorts,2026-08-04T17:17:38Z,446178,15802,65.7,56.9,54.0,False,https://bingebuzz.tv/videos/k86U9b05Fz0/
oHVpbkpoW7I,Are these guys okay?,Smosh,shorts,2026-08-22T19:00:39Z,116426,5896,65.7,64.3,56.3,False,https://bingebuzz.tv/videos/oHVpbkpoW7I/
uxkWTObzR1Q,Tires: Season 3 | Bloopers | Netflix,Netflix Is A Joke,standup,2026-08-16T16:00:00Z,718197,10252,65.6,36.8,63.6,False,https://bingebuzz.tv/videos/uxkWTObzR1Q/
XFnQ9FCaFaY,RuPaul's Drag Race Audition - Katya Zamolodchikova,Comedy Dynamics,standup,2026-08-21T19:00:35Z,138200,9760,65.6,65.0,53.3,False,https://bingebuzz.tv/videos/XFnQ9FCaFaY/
Hph9yKwOO8o,Who's your jeweler? #shorts,Druski,shorts,2026-08-04T17:16:24Z,789499,21598,65.5,49.9,54.8,False,https://bingebuzz.tv/videos/Hph9yKwOO8o/
ItNOvCum16w,My Favorite Barista From Iran - Amir Anvari | Tosh Show,tosh show,podcast,2026-08-25T13:00:05Z,70244,2042,65.4,66.3,65.7,False,https://bingebuzz.tv/videos/ItNOvCum16w/
mjEOLUtrmkQ,Joe Rogan Is a Shapeshifter,YMH Studios,shorts,2026-08-28T22:45:11Z,4860,168,65.0,73.5,51.7,False,https://bingebuzz.tv/videos/mjEOLUtrmkQ/
9hbGNUufv38,"""Liberals Need to Chill"" 🎤: Dylan Carlino | @dylancarlino | Full Video on our Channel!",Don't Tell Comedy,shorts,2026-08-19T21:00:28Z,123645,5205,64.9,68.0,56.4,False,https://bingebuzz.tv/videos/9hbGNUufv38/
jmOsPfLEIW0,Sound it out... #shorts,Druski,shorts,2026-07-31T17:16:25Z,510238,21701,64.8,60.6,49.8,False,https://bingebuzz.tv/videos/jmOsPfLEIW0/
iGbyOmZSSf0,Dave Franco Puts Bobby in the Hot Seat | TigerBelly 568,TigerBelly,podcast,2026-08-20T14:00:08Z,266629,6098,64.8,55.2,62.1,False,https://bingebuzz.tv/videos/iGbyOmZSSf0/
pW1nze2zp74,My son could NEVER do that #TheShortlist #ShapelLacey,Netflix Is A Joke,shorts,2026-08-28T18:00:00Z,5390,333,64.8,78.0,47.5,False,https://bingebuzz.tv/videos/pW1nze2zp74/
xZyAgSLB9T8,Ladies Night! with Wendi McLendon-Covey & Margaret Cho | The Bad Game Show,Bad Friends,podcast,2026-08-19T16:00:20Z,183212,7050,64.6,69.4,55.6,False,https://bingebuzz.tv/videos/xZyAgSLB9T8/
KWqDSLSjG1o,Midwestern Dirtbag w/ Prof! | Are You Garbage Comedy Podcast w/ Kevin Ryan & H. Foley,AreYouGarbage? Comedy Podcast,podcast,2026-08-23T23:00:08Z,108671,3339,64.1,66.4,60.6,False,https://bingebuzz.tv/videos/KWqDSLSjG1o/
qPohmZZK3FM,Me Beso La Muerte,Cristian Ciriaco - Topic,viral,2026-08-27T10:02:25Z,37947,1233,64.1,59.8,42.0,True,https://bingebuzz.tv/videos/qPohmZZK3FM/
QBxTY4fApRA,You wanna get rich or die trying #shorts,Druski,shorts,2026-08-04T17:15:10Z,400754,14687,64.0,58.0,51.8,False,https://bingebuzz.tv/videos/QBxTY4fApRA/
CxOfmyQiogk,Conan & Sona React To Gourley's Weird Pasadena Lore | Conan O'Brien Needs A Friend,Team Coco,podcast,2026-08-25T15:00:10Z,73896,2121,64.0,62.9,64.0,False,https://bingebuzz.tv/videos/CxOfmyQiogk/
R7A6VB_WzHI,Name 5 Dave Franco Movies 🫵🫵,TigerBelly,shorts,2026-08-24T05:11:06Z,294539,4345,63.8,35.3,65.4,False,https://bingebuzz.tv/videos/R7A6VB_WzHI/
pA49tQR13aQ,if you say so,Theo Von,shorts,2026-08-24T13:00:11Z,136403,3724,63.5,58.3,60.2,False,https://bingebuzz.tv/videos/pA49tQR13aQ/
LW557ocbSRg,3 outfits deep and still freezing kinda poor #DaveChappelle,Netflix Is A Joke,shorts,2026-08-27T13:00:00Z,35797,1055,63.5,59.7,66.9,False,https://bingebuzz.tv/videos/LW557ocbSRg/
Cz0cdRkS750,"Stavvy Called Us Out | 2 Bears, 1 Cave",YMH Studios,podcast,2026-08-24T12:00:35Z,186386,2666,63.3,49.2,67.1,False,https://bingebuzz.tv/videos/Cz0cdRkS750/
5yIfvCMOHhs,From Terminator to Jumanji: Franchises That Should End | Bley's Arcade,Team Coco,podcast,2026-08-28T12:00:24Z,28836,230,62.9,48.8,79.4,False,https://bingebuzz.tv/videos/5yIfvCMOHhs/
nEbATZTWH1g,Shake what ya got from ya momma #shorts,Druski,shorts,2026-07-31T17:19:02Z,318469,14127,62.7,60.4,49.3,False,https://bingebuzz.tv/videos/nEbATZTWH1g/
SlhLVh6WBXw,Don't Engage Crazy - Tammy Pescatelli,Comedy Dynamics,shorts,2026-08-26T14:00:02Z,19448,801,62.7,64.9,66.4,False,https://bingebuzz.tv/videos/SlhLVh6WBXw/
H_91Ms7icHM,Men Who Do Anything But Go to Therapy,Ryan George,sketch,2026-08-11T20:05:54Z,330327,29108,62.5,74.3,45.8,False,https://bingebuzz.tv/videos/H_91Ms7icHM/
_sMUikimQww,"Fun size, get em outta here #shorts",Druski,shorts,2026-08-04T17:21:22Z,230147,7844,62.5,51.5,53.9,False,https://bingebuzz.tv/videos/_sMUikimQww/
tvYrTICOG_I,The only reason I bring my cello with me | Jim Tavaré Stand-Up Comedy,Dry Bar Comedy,standup,2026-08-28T21:00:12Z,2225,213,62.3,79.1,46.8,False,https://bingebuzz.tv/videos/tvYrTICOG_I/
pCNOvCR8sS4,KT #779 - ADAM RAY,Kill Tony,podcast,2026-08-04T01:00:06Z,3274998,45702,62.2,39.5,58.3,False,https://bingebuzz.tv/videos/pCNOvCR8sS4/
CjX2-WJCaLQ,That's how you lose teeth #shorts,Druski,shorts,2026-07-31T17:13:31Z,389648,15408,62.2,58.9,48.9,False,https://bingebuzz.tv/videos/CjX2-WJCaLQ/
z6dXE1IY2k4,Impressions | Dr Phil LIVE! With Dan Soder,Adam Ray,shorts,2026-08-18T20:30:07Z,215795,7307,62.2,51.2,53.7,False,https://bingebuzz.tv/videos/z6dXE1IY2k4/
IqmOu809C6w,Manic Edging | Ep 334 | Bad Friends,Bad Friends,podcast,2026-08-17T16:00:29Z,516744,10394,62.1,49.2,57.7,False,https://bingebuzz.tv/videos/IqmOu809C6w/
4SgQ1AzNkAE,"He finally addressed the ""Elmo situation""",Smosh,shorts,2026-08-18T19:00:36Z,171696,8887,61.7,59.5,49.3,False,https://bingebuzz.tv/videos/4SgQ1AzNkAE/
hia_FXTeDVM,legend,Theo Von,shorts,2026-08-04T22:45:20Z,706155,15248,61.5,35.8,54.3,False,https://bingebuzz.tv/videos/hia_FXTeDVM/
lT5ZfyqnEYQ,50 Cent??? #shorts,Druski,shorts,2026-08-02T17:58:22Z,363347,12926,61.5,54.3,49.9,False,https://bingebuzz.tv/videos/lT5ZfyqnEYQ/
8w9-KQWfyTw,Interviewing Our Childhood Imaginary Friends | Bit City,Smosh,podcast,2026-08-07T16:00:07Z,312150,21515,61.5,71.1,45.3,False,https://bingebuzz.tv/videos/8w9-KQWfyTw/
i12ID-wZLOE,Ep 631 - B.B.Q. (feat. Joe Derosa),Matt and Shane's Secret Podcast,podcast,2026-08-12T12:00:01Z,659327,12291,61.4,45.8,56.4,False,https://bingebuzz.tv/videos/i12ID-wZLOE/
y9SvJlVRD78,A YN OG #shorts,Druski,shorts,2026-08-04T17:12:14Z,270088,10164,61.4,54.5,50.5,False,https://bingebuzz.tv/videos/y9SvJlVRD78/
-SKZNDDFRf4,KT: Behind the Tape (Ep: 781 Jeff Arcuri),Kill Tony,podcast,2026-08-22T02:39:11Z,257023,3781,61.1,44.7,63.0,False,https://bingebuzz.tv/videos/-SKZNDDFRf4/
4wyDf1ujRhE,Which Bad Friend is More Postive?,Bad Friends,shorts,2026-08-22T17:00:26Z,116700,2772,60.9,43.4,60.8,False,https://bingebuzz.tv/videos/4wyDf1ujRhE/
LW-quqT23es,"Do As I Say, Not As I Do",Bad Friends,shorts,2026-08-23T17:00:17Z,89119,2428,60.8,48.7,60.1,False,https://bingebuzz.tv/videos/LW-quqT23es/
YhMRREG7sM8,Undercover Agent Scott Payne | This Past Weekend w/ Theo Von #674,Theo Von,podcast,2026-08-10T11:18:29Z,829143,10607,60.7,35.6,58.5,False,https://bingebuzz.tv/videos/YhMRREG7sM8/
U3K9vv3tg9M,Auditioning New Stepdads w/ Joe DeRosa | Your Mom's House Ep. 873,YMH Studios,podcast,2026-08-19T12:00:15Z,294437,6187,60.7,52.6,58.0,False,https://bingebuzz.tv/videos/U3K9vv3tg9M/
aH4-Eoermy4,Conan remembers when Sona met her husband Tak. #podcast #comedy,Team Coco,shorts,2026-08-22T19:00:06Z,159634,2920,60.7,36.7,62.2,False,https://bingebuzz.tv/videos/aH4-Eoermy4/
YKLoXHFMsuY,When your coworker bestie leaves the company. #Detroiters,Comedy Central,shorts,2026-08-28T16:00:35Z,3413,128,60.6,64.1,70.6,False,https://bingebuzz.tv/videos/YKLoXHFMsuY/
kDByqdkfb0M,Steve Gerben Returns! | Are You Garbage Comedy Podcast w/ Kevin Ryan & H. Foley,AreYouGarbage? Comedy Podcast,podcast,2026-08-16T23:00:02Z,303046,6679,60.4,50.5,57.0,False,https://bingebuzz.tv/videos/kDByqdkfb0M/
D7WpoTqjBsw,Don't Tell Comedy - Special Weekend 24 Hour Stream,Don't Tell Comedy,standup,2026-08-28T23:55:19Z,720,52,60.0,68.2,46.6,False,https://bingebuzz.tv/videos/D7WpoTqjBsw/
NHPk4Kf-YEw,You Ought To See It,Bad Friends,shorts,2026-08-22T22:00:17Z,116815,2927,59.3,49.1,57.9,False,https://bingebuzz.tv/videos/NHPk4Kf-YEw/
RQOdnhwSTzQ,"Gillian Anderson lied to ""The X-Files"" producers about her age. #podcast #comedy",Team Coco,shorts,2026-08-19T19:00:06Z,411838,7316,59.0,36.0,56.2,False,https://bingebuzz.tv/videos/RQOdnhwSTzQ/
QwJXzmHigXs,Stop bumping that head #shorts,Druski,shorts,2026-07-31T17:15:18Z,344131,10653,58.7,50.2,48.6,False,https://bingebuzz.tv/videos/QwJXzmHigXs/
B_SpXxHuIhM,new fear unlocked: ending up in a pity potty situation #Tires #ShaneGillis #season3,Netflix Is A Joke,shorts,2026-08-25T15:00:02Z,76603,1299,58.5,37.2,65.2,False,https://bingebuzz.tv/videos/B_SpXxHuIhM/
YGQvn6i6boo,"""Asked What P*rn I Watch"" 🎤: Orion Levine | @orionlevine | Full Video on our Channel!",Don't Tell Comedy,shorts,2026-08-25T21:00:19Z,29071,1243,58.5,65.1,57.1,False,https://bingebuzz.tv/videos/YGQvn6i6boo/
puhWzYiu0ZI,Christina's Got a Contender,YMH Studios,shorts,2026-08-19T22:00:31Z,187144,5468,58.4,57.3,51.7,False,https://bingebuzz.tv/videos/puhWzYiu0ZI/
M3ivHGdOZiQ,Dave Portnoy is the pizza rating gatekeeper #toshshow #danieltosh #comedy #funny #shorts #podcast,tosh show,shorts,2026-08-21T17:23:02Z,418438,7319,58.2,37.4,55.2,False,https://bingebuzz.tv/videos/M3ivHGdOZiQ/
JtlF_W65tOQ,"I scream, you scream...I think we all scream.",Smosh,shorts,2026-07-30T19:00:01Z,407873,27532,58.2,58.3,40.0,False,https://bingebuzz.tv/videos/JtlF_W65tOQ/
fPv_oQW5pLE,I tried,Theo Von,shorts,2026-08-12T15:53:13Z,669665,21010,58.1,55.7,44.1,False,https://bingebuzz.tv/videos/fPv_oQW5pLE/
0phDGBWmeuY,Post-Game Interviews Where Absolutely Nothing Is Said,Ryan George,podcast,2026-07-31T15:56:24Z,333293,29679,57.9,71.1,40.3,False,https://bingebuzz.tv/videos/0phDGBWmeuY/
Xy_gyjYGfzI,"Gillian Anderson was voted ""most likely to get arrested."" #podcast #comedy",Team Coco,shorts,2026-08-22T16:00:32Z,156841,2598,57.8,33.6,60.4,False,https://bingebuzz.tv/videos/Xy_gyjYGfzI/
QjYIUvBkU-o,Tortilla Face | Ep 333 | Bad Friends,Bad Friends,podcast,2026-08-10T16:00:00Z,563733,10786,57.7,41.9,52.4,False,https://bingebuzz.tv/videos/QjYIUvBkU-o/
SjKep-ui_FI,look it up,Theo Von,shorts,2026-08-22T14:30:18Z,208806,4372,57.5,43.3,55.4,False,https://bingebuzz.tv/videos/SjKep-ui_FI/
jYRKrBpXuVs,"Chinese Mamdani, Candace Owens Debate, & Luigi's Confession",FLAGRANT,podcast,2026-08-19T16:05:16Z,337261,3860,57.4,40.3,59.2,False,https://bingebuzz.tv/videos/jYRKrBpXuVs/
1DKGtW9jDIw,Ed Begley Jr vs. Howie Mandel | The Bad Game Show,Bad Friends,podcast,2026-08-12T16:00:36Z,241318,8921,57.2,63.0,46.0,False,https://bingebuzz.tv/videos/1DKGtW9jDIw/
f25SFPC95ZI,come on man,Theo Von,shorts,2026-08-21T14:15:05Z,261466,5140,57.1,38.2,54.9,False,https://bingebuzz.tv/videos/f25SFPC95ZI/
VYpgeLqNyNA,"""Give me 20 cc of Capri Sun stat!"" #TheAdamRayShow #JohnStamos",Netflix Is A Joke,shorts,2026-08-28T16:00:00Z,4679,112,57.0,57.0,72.7,False,https://bingebuzz.tv/videos/VYpgeLqNyNA/
wOSOXMuPQ2I,Phil in the Wild | Dr Phil LIVE!,Adam Ray,shorts,2026-08-26T19:00:08Z,39469,620,56.7,35.5,67.4,False,https://bingebuzz.tv/videos/wOSOXMuPQ2I/
cG9xYRuN0nE,"""Child Support"" 🎤: Sharief Johnson | @ShariefJohnsonTV | Full Video on our Channel!",Don't Tell Comedy,shorts,2026-08-20T21:00:14Z,80156,4134,56.5,59.8,47.7,False,https://bingebuzz.tv/videos/cG9xYRuN0nE/
Z0TssuiPLDE,My GPS led me to a car wreck | Jim Tavaré Stand-Up Comedy,Dry Bar Comedy,standup,2026-08-26T21:00:37Z,13853,611,56.3,64.5,60.4,False,https://bingebuzz.tv/videos/Z0TssuiPLDE/
-YY0DRfXeEs,America Is a Scam,YMH Studios,shorts,2026-08-28T20:45:17Z,1917,79,56.3,73.9,45.6,False,https://bingebuzz.tv/videos/-YY0DRfXeEs/
cm8N-EZK2Nk,KT Behind the Tape MSG Night 1,Kill Tony,podcast,2026-08-15T01:00:06Z,339542,6444,55.7,45.0,52.6,False,https://bingebuzz.tv/videos/cm8N-EZK2Nk/
XD8ujPyQXyM,Santino's Oscar Audition Today Patreon,Bad Friends,shorts,2026-08-07T16:00:39Z,697432,22168,55.6,47.9,40.7,False,https://bingebuzz.tv/videos/XD8ujPyQXyM/
CSQKhrPEhJU,Are You Ready?! | We Might Be Drunk w/ Mark Normand & Sam Morril,We Might Be Drunk Podcast,podcast,2026-08-24T01:00:04Z,78573,1730,55.5,53.4,58.1,False,https://bingebuzz.tv/videos/CSQKhrPEhJU/
pk-R-DoPRFo,White Stereotypes Aren't Racist IF They Are True | BT FULL SPECIAL,Dry Bar Comedy,standup,2026-08-26T14:00:32Z,24231,630,55.3,57.6,62.7,False,https://bingebuzz.tv/videos/pk-R-DoPRFo/
L4OyI1FIAck,National Dog Day Jokes,Just For Laughs,shorts,2026-08-26T21:45:44Z,16738,424,55.0,49.6,65.6,False,https://bingebuzz.tv/videos/L4OyI1FIAck/
Ld9uE6FVFE8,Mystery Boys Vs. Marquis Of Hell Apologist w/ Ian Fidance | FILE_14 | Mystery Boys,YMH Studios,podcast,2026-08-21T01:00:06Z,95056,2987,54.8,62.7,50.3,False,https://bingebuzz.tv/videos/Ld9uE6FVFE8/
M_x9v46-DNg,Mountain Dew - Michael Ian Black,Comedy Dynamics,shorts,2026-08-25T14:00:08Z,19455,561,54.8,55.1,62.0,False,https://bingebuzz.tv/videos/M_x9v46-DNg/
f54JjxEGAKU,Black Reincarnation | Ian Edwards | The Comedy Store,The Comedy Store,standup,2026-08-28T20:00:12Z,1278,103,54.6,78.1,42.4,False,https://bingebuzz.tv/videos/f54JjxEGAKU/
9HK9uj6C6QY,Which Comedian Could Start a Cult?,YMH Studios,shorts,2026-08-26T22:30:07Z,16497,518,54.5,60.1,61.4,False,https://bingebuzz.tv/videos/9HK9uj6C6QY/
oEnEqea8wTI,what's in a name? #DLHughley,Netflix Is A Joke,shorts,2026-08-25T14:00:00Z,17344,845,54.4,66.6,55.8,False,https://bingebuzz.tv/videos/oEnEqea8wTI/
h-mEpef8rHw,Evolution of a Sketch | Love Is Blind Reunion | 🏆 FYC 🏆,Saturday Night Live,shorts,2026-08-26T18:59:05Z,16899,528,54.4,53.0,61.2,False,https://bingebuzz.tv/videos/h-mEpef8rHw/
5MYay16zSDE,"""My Wife"" - Francisco Ramos",Comedy Dynamics,shorts,2026-08-28T19:00:10Z,1598,83,54.1,70.6,42.9,False,https://bingebuzz.tv/videos/5MYay16zSDE/
z2i9Cyx2lTY,Jshock | This Past Weekend w/ Theo Von #673,Theo Von,podcast,2026-08-06T01:04:10Z,632528,11239,54.0,41.9,48.5,False,https://bingebuzz.tv/videos/z2i9Cyx2lTY/
7vwvE3LLkTc,Jenna Fischer & Fred Armisen Survived Their Awkward Early Years | TigerBelly 567,TigerBelly,podcast,2026-08-13T14:00:20Z,229847,5379,53.9,49.3,49.8,False,https://bingebuzz.tv/videos/7vwvE3LLkTc/
ZBCGToqCdnE,New York IS Europe. #BroadCity,Comedy Central,shorts,2026-08-26T16:00:31Z,39189,520,53.9,39.3,65.6,False,https://bingebuzz.tv/videos/ZBCGToqCdnE/
sUFnv-nXkr4,Laser Hair Removal with Kelly | Adam Ray Comedy,Adam Ray,shorts,2026-08-25T23:00:07Z,22884,763,53.7,63.8,57.3,False,https://bingebuzz.tv/videos/sUFnv-nXkr4/
Yz4b1mmNzt0,You got good knees #shorts,Druski,shorts,2026-07-31T17:12:08Z,154290,4945,53.5,46.0,46.0,False,https://bingebuzz.tv/videos/Yz4b1mmNzt0/
GNBMwZV-jIo,Jarahn - Lamasaga (Audio) feat. Ragga Siai & Tyron Scott,Jarahn,viral,2026-08-20T09:03:41Z,50742,1970,53.5,62.8,49.7,True,https://bingebuzz.tv/videos/GNBMwZV-jIo/
bWWOYmwe_3Q,Do imaginary friends really...do this...?,Smosh,shorts,2026-08-12T01:00:38Z,243966,10934,53.3,52.6,38.9,False,https://bingebuzz.tv/videos/bWWOYmwe_3Q/
Jz7itPGxPes,Bobby is on Silver Singles,Bad Friends,shorts,2026-08-21T16:00:13Z,95182,2740,53.2,50.8,49.9,False,https://bingebuzz.tv/videos/Jz7itPGxPes/
RRjO3_gPoLE,John Cena feels _____ about being Conan's friend. #podcast #comedy,Team Coco,shorts,2026-08-24T17:10:12Z,79263,1332,52.8,34.1,58.5,False,https://bingebuzz.tv/videos/RRjO3_gPoLE/
K9wXNb71G1A,Exposing Gay Propaganda | Dylan Carlino | Stand Up Comedy,Don't Tell Comedy,standup,2026-08-19T19:00:14Z,50514,2412,52.8,65.2,46.7,False,https://bingebuzz.tv/videos/K9wXNb71G1A/
sd_ZPxwvFLw,What Would You Do? - Shiv Shanks,Comedy Dynamics,shorts,2026-08-25T19:00:30Z,8835,630,52.8,66.5,54.9,False,https://bingebuzz.tv/videos/sd_ZPxwvFLw/
OktTtcQVGd4,"Adam is Tony, Tony is Adam | Adam Ray Comedy @KillTony",Adam Ray,standup,2026-08-13T23:00:08Z,118504,4646,52.6,55.6,43.2,False,https://bingebuzz.tv/videos/OktTtcQVGd4/
naGOEhUDr-w,Bert Is Breaking all of the Records,YMH Studios,shorts,2026-08-25T23:30:08Z,37304,583,52.4,43.9,63.0,False,https://bingebuzz.tv/videos/naGOEhUDr-w/
sz_Xw1URlIw,KT: Behind The Tape (Ep: 779 Adam Ray),Kill Tony,podcast,2026-08-07T00:00:06Z,496400,10598,52.2,46.3,45.5,False,https://bingebuzz.tv/videos/sz_Xw1URlIw/
80ZcD8bCRew,Is She Ok?,YMH Studios,shorts,2026-08-26T20:30:05Z,26891,483,52.2,43.7,63.3,False,https://bingebuzz.tv/videos/80ZcD8bCRew/
dHG_FKx5fW8,Of course he picked crypto #Stamptown #ZachZucker,Netflix Is A Joke,shorts,2026-08-27T16:00:01Z,13093,341,52.1,58.8,63.0,False,https://bingebuzz.tv/videos/dHG_FKx5fW8/
WsjLfoKL670,My Pizza Dough Guy - Sam Cagle | Tosh Show,tosh show,podcast,2026-08-18T13:00:26Z,106145,2509,52.0,50.7,51.3,False,https://bingebuzz.tv/videos/WsjLfoKL670/
sqdLzSrqoss,Live Twice As Long vs Live Forever | SquADD Cast Versus | All Def,All Def,podcast,2026-08-24T13:00:17Z,23340,1078,52.0,70.5,51.2,False,https://bingebuzz.tv/videos/sqdLzSrqoss/
XEDZGqZ0OmA,"""Obesity"" 🎤: Ella Horwedel | Full Video on our Channel!",Don't Tell Comedy,standup,2026-08-15T21:00:36Z,100266,6883,51.5,64.2,39.2,False,https://bingebuzz.tv/videos/XEDZGqZ0OmA/
AME2a-WC_8o,"“Oh no, not a military ban!” #TheShortlist #LucasZelnick",Netflix Is A Joke,shorts,2026-08-25T18:00:00Z,24855,1286,51.4,72.1,48.9,False,https://bingebuzz.tv/videos/AME2a-WC_8o/
iESs3wuf5G0,Married to Gumby,We Might Be Drunk Podcast,shorts,2026-08-28T15:00:31Z,1744,59,51.3,63.2,61.7,False,https://bingebuzz.tv/videos/iESs3wuf5G0/
6Db2UJdbYwI,Hell of a clean up crew #Stamptown #ZachZucker,Netflix Is A Joke,shorts,2026-08-28T19:00:00Z,5664,112,51.2,49.8,48.4,False,https://bingebuzz.tv/videos/6Db2UJdbYwI/
WVKKjhRDRSA,"Gillian Anderson Reveals Secret Behind ""X-Files"" Scripts | Conan O'Brien Needs A Friend",Team Coco,podcast,2026-08-19T15:00:23Z,143284,2378,51.1,38.2,53.2,False,https://bingebuzz.tv/videos/WVKKjhRDRSA/
x5ED1LHe3fI,Evolution of a Sketch | Rasta Driver | 🏆 FYC 🏆,Saturday Night Live,shorts,2026-08-24T20:27:17Z,26493,1089,51.0,63.6,50.2,False,https://bingebuzz.tv/videos/x5ED1LHe3fI/
FdRD2AvprOI,Do you like a double date?,AreYouGarbage? Comedy Podcast,shorts,2026-08-22T13:39:44Z,103659,1508,50.9,30.1,55.8,False,https://bingebuzz.tv/videos/FdRD2AvprOI/
XdRscSr2KYU,"Conan Catches Bley In A ""Nerd Sting Operation"" | Conan O'Brien Needs A Friend",Team Coco,podcast,2026-08-21T15:00:31Z,76591,2058,50.9,52.4,49.8,False,https://bingebuzz.tv/videos/XdRscSr2KYU/
uJtEraZhtWY,Can’t even say it! #Leanne #season2 #LeanneMorgan,Netflix Is A Joke,shorts,2026-08-27T18:00:00Z,28768,325,50.7,31.0,64.4,False,https://bingebuzz.tv/videos/uJtEraZhtWY/
3ZJ0C9Rkioo,John Cena Was Almost Fired From WWE | Conan O'Brien Needs A Friend,Team Coco,podcast,2026-08-25T12:00:21Z,44829,713,50.6,41.6,59.8,False,https://bingebuzz.tv/videos/3ZJ0C9Rkioo/
Yu4tEeUYaXY,My Uncle is a Famous Fugitive | Sharief Johnson | Stand Up Comedy,Don't Tell Comedy,standup,2026-08-17T19:00:14Z,45866,2597,50.5,65.6,43.4,False,https://bingebuzz.tv/videos/Yu4tEeUYaXY/
r9yI9X1nLxw,Don't Want More,Austin Williams - Topic,viral,2026-08-27T10:00:38Z,17521,446,50.5,41.5,41.5,True,https://bingebuzz.tv/videos/r9yI9X1nLxw/
l5YU5iFcL5A,Evolution of a Sketch | Jack Black Five-Timers Monologue | 🏆 FYC 🏆,Saturday Night Live,shorts,2026-08-26T21:43:10Z,11861,374,50.3,52.2,57.9,False,https://bingebuzz.tv/videos/l5YU5iFcL5A/
g9RU-19K-BA,The best pizza in the world #toshshow #danieltosh #comedy #funny #shorts #podcast #pizza,tosh show,shorts,2026-08-24T17:01:15Z,66572,1248,50.2,43.2,54.7,False,https://bingebuzz.tv/videos/g9RU-19K-BA/
KEoc_VgT4og,You move heavy things | Big Mike | Adam Ray Comedy,Adam Ray,shorts,2026-08-21T22:00:14Z,45332,1313,50.2,47.4,50.6,False,https://bingebuzz.tv/videos/KEoc_VgT4og/
0qpSHSLNTWo,New York Is NOT To Be ENJOYED,FLAGRANT,shorts,2026-08-25T12:30:37Z,36300,617,50.2,41.4,59.7,False,https://bingebuzz.tv/videos/0qpSHSLNTWo/
5AesO0vennU,The Reason Santino Doesn't Want to See the Odyssey,Bad Friends,shorts,2026-08-14T23:32:34Z,451139,9942,50.0,41.6,42.4,False,https://bingebuzz.tv/videos/5AesO0vennU/
cIVI4pyYiKg,I can see it,Theo Von,shorts,2026-08-21T16:59:50Z,133031,2343,49.9,34.9,51.1,False,https://bingebuzz.tv/videos/cIVI4pyYiKg/
uuHh9ezkaKg,This is what Luke brings to the table 🙂‍↕️,TigerBelly,shorts,2026-08-25T00:29:57Z,49590,820,49.8,32.3,58.0,False,https://bingebuzz.tv/videos/uuHh9ezkaKg/
GXHijJg7usE,I Don't Fit the Usual Black People Stereotype | Mike Goodwin FULL SPECIAL,Dry Bar Comedy,standup,2026-08-24T14:00:32Z,17897,708,49.8,60.7,52.1,False,https://bingebuzz.tv/videos/GXHijJg7usE/
TbvYNk7AKgA,behind the wheel w/ @Jshock9nine,Theo Von,shorts,2026-08-06T21:54:49Z,313063,9809,49.7,48.2,38.3,False,https://bingebuzz.tv/videos/TbvYNk7AKgA/
tZQCAW8WPso,Bring Your Own Beer! | Are You Garbage Comedy Podcast w/ Kevin Ryan & H. Foley,AreYouGarbage? Comedy Podcast,podcast,2026-08-19T23:00:37Z,99741,2658,49.7,54.3,46.7,False,https://bingebuzz.tv/videos/tZQCAW8WPso/
-W7hCEzhOR0,Backseat Shrine | Alfred Robles | The Comedy Store,The Comedy Store,shorts,2026-08-28T23:00:29Z,887,26,49.7,50.8,45.4,False,https://bingebuzz.tv/videos/-W7hCEzhOR0/
ORb8xiSD7qc,Kelly opens up to @AndrewSantinoWhiskeyGinger  | Adam Ray Comedy,Adam Ray,shorts,2026-08-18T23:30:02Z,217363,3998,49.4,40.2,47.6,False,https://bingebuzz.tv/videos/ORb8xiSD7qc/
fS9AzVhhEnY,Don’t Tell Comedy is helping keep Portland weird!,Don't Tell Comedy,shorts,2026-08-28T16:09:14Z,1599,47,49.4,48.8,61.4,False,https://bingebuzz.tv/videos/fS9AzVhhEnY/
a0-jFAmcdOI,Fiona Cauley! | Are You Garbage Comedy Podcast w/ Kevin Ryan & H. Foley,AreYouGarbage? Comedy Podcast,podcast,2026-08-12T23:00:03Z,114986,4043,49.2,59.3,41.3,False,https://bingebuzz.tv/videos/a0-jFAmcdOI/
T42ESZooAHU,Bees are busy getting busy... #toshshow #danieltosh #comedy #funny #shorts,tosh show,shorts,2026-08-06T16:30:46Z,339158,9765,48.9,40.9,38.3,False,https://bingebuzz.tv/videos/T42ESZooAHU/
R2ooLqnfOaU,The secret to a lifelong marriage | Marc Yaffee Stand-Up Comedy,Dry Bar Comedy,standup,2026-08-25T21:00:16Z,16209,771,48.4,62.6,49.2,False,https://bingebuzz.tv/videos/R2ooLqnfOaU/
q9OZTpPeeio,Ep 628 - Guys Trip 2022 (feat. Chris O'Connor & Billy),Matt and Shane's Secret Podcast,podcast,2026-07-30T12:00:29Z,625405,10451,48.2,39.3,42.6,False,https://bingebuzz.tv/videos/q9OZTpPeeio/
KCoVoz-78KY,"""Useless Grandma"" 🎤: Owen Smith | @owensmithtv | Full Video on our Channel!",Don't Tell Comedy,shorts,2026-08-18T21:00:19Z,53391,2749,48.1,61.8,40.4,False,https://bingebuzz.tv/videos/KCoVoz-78KY/
V3HbFae2-YU,Andrew ALMOST Tries To Be The Hero,FLAGRANT,shorts,2026-08-07T12:30:06Z,551550,14647,48.0,39.4,36.1,False,https://bingebuzz.tv/videos/V3HbFae2-YU/
ZwdEyfgLgno,"We Broke the ""Aladdin"" Code",Bad Friends,shorts,2026-08-15T17:00:17Z,138010,3488,48.0,39.2,43.7,False,https://bingebuzz.tv/videos/ZwdEyfgLgno/
78Xd_QgNGD4,Roasting the Seahawks on The Rich Eisen Show | Adam Ray Comedy,Adam Ray,standup,2026-08-27T19:00:18Z,13414,115,48.0,34.0,67.9,False,https://bingebuzz.tv/videos/78Xd_QgNGD4/
f4PQT8W8tDs,Ebony Alart,Bad Friends,shorts,2026-08-16T17:00:06Z,101061,2759,47.9,46.8,44.4,False,https://bingebuzz.tv/videos/f4PQT8W8tDs/
cwpMuaMlk7s,Will Forte Returns! (Full Episode) | Where Everybody Knows Your Name,Team Coco,podcast,2026-08-26T12:00:36Z,15344,283,47.6,42.9,61.9,False,https://bingebuzz.tv/videos/cwpMuaMlk7s/
ee-bJbOEvn4,Mark Normand Talks Code-Switching & White People Acting Black w/ Shannon Sharpe | Club Shay Shay,mark normand,standup,2026-08-24T15:00:34Z,28004,500,47.4,43.8,57.5,False,https://bingebuzz.tv/videos/ee-bJbOEvn4/
nVbjxVypJL0,The New Generation Ruined Weddings | Karen Morgan Stand-Up Comedy,Dry Bar Comedy,standup,2026-08-23T14:00:17Z,22566,739,47.2,56.0,50.2,False,https://bingebuzz.tv/videos/nVbjxVypJL0/
mv3tE0g4FVs,Big Jay Oakerson Roasts Bobby Kelly,Comedy Dynamics,shorts,2026-08-26T19:00:08Z,6977,238,47.2,54.9,54.5,False,https://bingebuzz.tv/videos/mv3tE0g4FVs/
R95QI_6IAlo,Bad at the Job - Sohrab Forouzesh,Comedy Dynamics,shorts,2026-08-27T19:00:12Z,2879,162,47.1,64.6,51.0,False,https://bingebuzz.tv/videos/R95QI_6IAlo/
h1tDXi6iRZU,Brian Redban! | Are You Garbage Comedy Podcast w/ Kevin Ryan & H. Foley,AreYouGarbage? Comedy Podcast,podcast,2026-08-09T23:00:38Z,155959,4320,46.9,52.0,40.3,False,https://bingebuzz.tv/videos/h1tDXi6iRZU/
4yFgjpj9PK0,Check Bobby’s Rotten Tomatoes scores 🍅🍅🍅,TigerBelly,shorts,2026-08-22T23:17:38Z,62907,1300,46.9,39.5,50.3,False,https://bingebuzz.tv/videos/4yFgjpj9PK0/
H1AMYz4Hstc,Boats are the Enemy to Fat Jiggles,YMH Studios,shorts,2026-08-25T22:00:06Z,21476,521,46.9,44.8,54.9,False,https://bingebuzz.tv/videos/H1AMYz4Hstc/
Z8I9eJ62itc,I Look Like Jim Carrey and Ryan Reynolds had a Kid | Myles Weber Double Feature,Dry Bar Comedy,standup,2026-08-19T14:00:13Z,42860,1387,46.4,51.9,44.7,False,https://bingebuzz.tv/videos/Z8I9eJ62itc/
OOTOQzgqNiw,Brave Beautiful Name - Eunji Kim,Comedy Dynamics,shorts,2026-08-24T21:00:14Z,20257,1030,46.3,57.7,44.5,False,https://bingebuzz.tv/videos/OOTOQzgqNiw/
7ctVQMbSpUk,A feeling so visceral it needed a medical term #KelseyCook #HappyHour,Netflix Is A Joke,shorts,2026-08-26T15:00:00Z,18712,279,46.3,35.0,61.3,False,https://bingebuzz.tv/videos/7ctVQMbSpUk/
m3zEa9eVG_M,Fauci & Hormuz! - mark normand #shorts #comedy #standupcomedy,mark normand,shorts,2026-08-15T16:38:34Z,54409,2256,46.2,54.7,39.8,False,https://bingebuzz.tv/videos/m3zEa9eVG_M/
T56H_Txef7I,"Doc, Police Dispatcher",Bad Friends,shorts,2026-08-09T22:00:15Z,345920,7767,45.6,32.3,38.1,False,https://bingebuzz.tv/videos/T56H_Txef7I/
-ocwZRmHdMo,"Mark Normand ""Can't Be PC in an Emergency!"" #shorts",mark normand,shorts,2026-08-19T15:00:15Z,35287,1080,45.6,47.9,46.3,False,https://bingebuzz.tv/videos/-ocwZRmHdMo/
YdNoVbNb7Qo,Jordan Jensen &  Jon Rudnitsky - Mark Normand & Sam Morril - We Might Be Drunk Podcast,We Might Be Drunk Podcast,podcast,2026-08-14T01:00:38Z,168458,2884,45.5,38.3,45.4,False,https://bingebuzz.tv/videos/YdNoVbNb7Qo/
uK2x5NVVOFY,Selfish Until the End,Bad Friends,shorts,2026-08-09T17:00:05Z,123158,4802,45.5,48.9,34.8,False,https://bingebuzz.tv/videos/uK2x5NVVOFY/
P3Hq9yB1tKM,Someone STOLE Mark Normand's WATCH .. at a Hotel ??? | We Might Be Drunk w/ Sam Morril #shorts,mark normand,shorts,2026-08-26T15:00:38Z,15045,382,45.4,51.3,54.9,False,https://bingebuzz.tv/videos/P3Hq9yB1tKM/
KyWr___4feI,Rick Glassman & The Spotlight | TigerBelly 566,TigerBelly,podcast,2026-08-06T14:00:14Z,198901,4121,45.3,43.2,41.8,False,https://bingebuzz.tv/videos/KyWr___4feI/
ilYqD30NMiI,Your FIRST restaurant experience after leaving a vault.,CalebCity,shorts,2025-12-05T21:34:44Z,16235769,109384,45.0,45.1,10,False,https://bingebuzz.tv/videos/ilYqD30NMiI/
dMuklFueSh8,"Adam is Tony, Tony is Adam | Adam Ray Comedy @KillTony",Adam Ray,standup,2026-08-13T19:00:09Z,126607,2142,45.0,32.2,46.6,False,https://bingebuzz.tv/videos/dMuklFueSh8/
Y_AkB0WOVqM,It’s always obvious with the aura. #TheShortlist #GabbyBryan,Netflix Is A Joke,standup,2026-08-27T17:00:00Z,9615,225,45.0,55.1,57.2,False,https://bingebuzz.tv/videos/Y_AkB0WOVqM/
CnjJPpr10vM,KT #768 - SHANE GILLIS + JAMES MCCANN,Kill Tony,podcast,2026-05-19T01:00:06Z,4829770,59824,44.9,46.0,10,False,https://bingebuzz.tv/videos/CnjJPpr10vM/
ZHLhms7ceMs,KT#778 - JIMMY CARR,Kill Tony,podcast,2026-07-28T01:00:06Z,3573845,53515,44.8,47.5,10,False,https://bingebuzz.tv/videos/ZHLhms7ceMs/
Ugcao1Otpjk,KT #775 - JOE ROGAN + THAT MEXICAN OT,Kill Tony,podcast,2026-07-07T01:00:06Z,3474579,46954,44.8,46.9,10,False,https://bingebuzz.tv/videos/Ugcao1Otpjk/
Rr9Dk72tdMI,KT #770 - TOM SEGURA + SHERYL UNDERWOOD,Kill Tony,podcast,2026-06-02T01:00:06Z,3257666,52393,44.7,47.9,10,False,https://bingebuzz.tv/videos/Rr9Dk72tdMI/
pP6R5ulXX0c,"using the word ""friend"" very loosely #MattRife",Netflix Is A Joke,shorts,2026-08-26T13:00:00Z,11294,277,44.7,45.1,55.8,False,https://bingebuzz.tv/videos/pP6R5ulXX0c/
sndiAZDuK1k,Y’all can literally win if y’all work together 🤣 #rdcworld1 #funny #shorts,RDCworld1,shorts,2026-05-01T23:16:59Z,3031325,207284,44.6,64.0,10,False,https://bingebuzz.tv/videos/sndiAZDuK1k/
ssPVKPLa-Ko,KT #767 - ARI SHAFFIR - LUIS J GOMEZ - PEYTON RUDDY,Kill Tony,podcast,2026-05-12T01:00:06Z,2801058,36678,44.6,46.5,10,False,https://bingebuzz.tv/videos/ssPVKPLa-Ko/
30byArnuluo,Elon’s Epstein emails #standup #comedy #epsteinfiles,Stavros Halkias,shorts,2026-02-10T15:47:48Z,2787254,72290,44.6,54.4,10,False,https://bingebuzz.tv/videos/30byArnuluo/
ns-FD_AnYCc,KT #772 - JOE DEROSA + TIM BUTTERLY (DALLAS),Kill Tony,podcast,2026-06-16T01:00:06Z,2755947,34182,44.6,46.0,10,False,https://bingebuzz.tv/videos/ns-FD_AnYCc/
dnH3m89MEbE,KT #769 - CHRIS O'CONNOR + MAT EDGAR,Kill Tony,podcast,2026-05-26T01:00:06Z,2731229,38207,44.6,47.1,10,False,https://bingebuzz.tv/videos/dnH3m89MEbE/
vyKU6Pd5KAA,KT #771 - BRAD WILLIAMS + TIMMY NO BRAKES,Kill Tony,podcast,2026-06-09T01:00:06Z,2655878,41174,44.6,47.7,10,False,https://bingebuzz.tv/videos/vyKU6Pd5KAA/
1upKa86_uKU,KT #766 - SAM TALLENT,Kill Tony,podcast,2026-05-05T01:00:06Z,2615252,33929,44.6,46.4,10,False,https://bingebuzz.tv/videos/1upKa86_uKU/
yJHlRHk5e-8,KT #774 - JOE DEROSA + MIKE FINOIA,Kill Tony,podcast,2026-06-30T01:00:06Z,2571895,38192,44.6,47.4,10,False,https://bingebuzz.tv/videos/yJHlRHk5e-8/
-8_w9zfPoQQ,KT #776 - BRIAN MOSES + DAVE LANDAU,Kill Tony,podcast,2026-07-14T01:00:06Z,2521586,31154,44.6,46.0,10,False,https://bingebuzz.tv/videos/-8_w9zfPoQQ/
nIsIEXxRvOs,"Sean Penn had a run, and his face shows every bit of it.",We Might Be Drunk Podcast,shorts,2026-08-25T15:06:08Z,25687,651,44.6,50.4,49.8,False,https://bingebuzz.tv/videos/nIsIEXxRvOs/
m6L-lOpiqs8,A smile lets you know you’re not going to get murdered #KelseyCook #HappyHour,Netflix Is A Joke,shorts,2026-08-24T15:00:00Z,33873,868,44.5,47.4,47.5,False,https://bingebuzz.tv/videos/m6L-lOpiqs8/
W92hOmuTzC4,KT #773 - FRANCISCO RAMOS + DERRICK STROUP,Kill Tony,podcast,2026-06-23T01:00:06Z,2314977,32668,44.4,47.2,10,False,https://bingebuzz.tv/videos/W92hOmuTzC4/
ko5DCMBSb64,KT #777 - MYLES JOHNSON + FUZZY KHILJI,Kill Tony,podcast,2026-07-21T01:00:06Z,1974087,29248,44.4,47.4,10,False,https://bingebuzz.tv/videos/ko5DCMBSb64/
YSo6AjjyCsQ,The FIRST person to post bail…,CalebCity,shorts,2026-01-05T00:51:30Z,1930057,149212,44.4,64.2,10,False,https://bingebuzz.tv/videos/YSo6AjjyCsQ/
IWJqnNxFvvg,How EASY it was to piss off royalty back then…,CalebCity,shorts,2026-02-12T02:29:19Z,1871777,113808,44.4,63.5,10,False,https://bingebuzz.tv/videos/IWJqnNxFvvg/
LB3n9yrew2M,THE LEAGUE OF EXTRA ORDINARY HEROES,RDCworld1,podcast,2026-07-02T22:51:29Z,1849845,181676,44.4,64.6,10,False,https://bingebuzz.tv/videos/LB3n9yrew2M/
ndogLQ5reto,The very SECOND you ask someone to look.,CalebCity,shorts,2025-10-27T01:37:29Z,1676586,131755,44.4,64.2,10,False,https://bingebuzz.tv/videos/ndogLQ5reto/
qwbDk-K7d6Q,I think the title needs more work...,Smosh,shorts,2026-08-07T00:00:30Z,102371,5602,44.4,53.1,31.7,False,https://bingebuzz.tv/videos/qwbDk-K7d6Q/
i3SPale4090,Iggy Pop Needs to Put a Shirt On,YMH Studios,shorts,2026-08-21T23:15:22Z,46466,1078,44.3,45.9,47.1,False,https://bingebuzz.tv/videos/i3SPale4090/
_-iASdu2L7c,Sona's husband took her into a mosh pit. #podcast #comedy,Team Coco,shorts,2026-08-20T19:00:38Z,36188,882,44.3,41.4,48.2,False,https://bingebuzz.tv/videos/_-iASdu2L7c/
fg0a7iZLl1s,The First Guy To Ever Swear,Ryan George,sketch,2026-03-23T17:41:33Z,1472897,61666,44.2,61.0,10,False,https://bingebuzz.tv/videos/fg0a7iZLl1s/
aF18AnV4QO0,How Drake Fans Been Moving After He Dropped 3 Albums,RDCworld1,podcast,2026-05-26T20:15:49Z,1465952,97740,44.2,63.8,10,False,https://bingebuzz.tv/videos/aF18AnV4QO0/
_JL7NAGSf-0,THE REAL REASON MARVEL AND DC CAN NEVER MAKE A MOVIE TOGETHER,RDCworld1,podcast,2026-03-31T22:00:35Z,1457981,130440,44.2,64.4,10,False,https://bingebuzz.tv/videos/_JL7NAGSf-0/
Ob5tN3N2VHg,This crowd sucks (just kidding they were nice) #Stamptown #ZachZucker,Netflix Is A Joke,shorts,2026-08-26T16:00:00Z,11243,232,44.2,45.7,58.0,False,https://bingebuzz.tv/videos/Ob5tN3N2VHg/
2V89W983iks,How De'Aaron Fox and the Spurs were in the Locker room after losing game 4 to the Knicks,RDCworld1,podcast,2026-06-11T21:26:33Z,1351518,123508,44.1,64.5,10,False,https://bingebuzz.tv/videos/2V89W983iks/
lAVY5WPioCA,Stop your friend from capping before it’s too late 😂 #shorts #rdcworld1 #funny #comedy,RDCworld1,shorts,2026-04-28T19:00:43Z,1320001,82426,44.1,63.6,10,False,https://bingebuzz.tv/videos/lAVY5WPioCA/
wN8sUTvGiwc,People gotta stop believing these clippers 🤣 #shorts #funny #rdcworld1,RDCworld1,sketch,2026-04-17T20:09:40Z,1273798,102785,44.1,64.3,10,False,https://bingebuzz.tv/videos/wN8sUTvGiwc/
3c1QpgfCYKU,Sometimes you just gotta hoop man 🤣 #shorts #funny #rdcworld1 #squidgame,RDCworld1,shorts,2026-04-22T21:43:59Z,1230247,66687,44.1,63.0,10,False,https://bingebuzz.tv/videos/3c1QpgfCYKU/
lJaX6G-PjIw,Cooking with dyslexia…,CalebCity,shorts,2025-12-10T00:58:43Z,1190633,84160,44.1,64.1,10,False,https://bingebuzz.tv/videos/lJaX6G-PjIw/
6GQ69XZatvI,Those content creator boxers really be getting to the paper 😂 #funny #rdcworld1 #shorts,RDCworld1,shorts,2026-06-06T20:51:07Z,1154810,93080,44.1,64.3,10,False,https://bingebuzz.tv/videos/6GQ69XZatvI/
91wasBoKlVQ,Stavros Halkias destroys North Carolina,Stavros Halkias,crowdwork,2026-02-06T15:00:24Z,1021137,26728,44.0,54.6,10,False,https://bingebuzz.tv/videos/91wasBoKlVQ/
nTBL8zpxjms,The Ultimate Ryan George Sleepytime Compilation,Ryan George,sketch,2026-06-01T16:59:05Z,1011754,19886,44.0,50.3,10,False,https://bingebuzz.tv/videos/nTBL8zpxjms/
crnwpXw-VKw,Anime will always over exaggerate tf outta sports 🤣 #rdcworld1 #funny #worldcup #fifa,RDCworld1,shorts,2026-06-26T19:25:44Z,1002594,65667,44.0,63.8,10,False,https://bingebuzz.tv/videos/crnwpXw-VKw/
xla5DOZFY2I,When you're the BEST detective so you get the WORST cases.,CalebCity,sketch,2025-10-09T23:42:44Z,981731,90205,44.0,64.5,10,False,https://bingebuzz.tv/videos/xla5DOZFY2I/
dqdBypnpKOs,A baby interrupts the show #standup #comedy #crowdwork #pregnancy,Stavros Halkias,crowdwork,2026-02-06T18:27:09Z,965897,39010,44.0,60.6,10,False,https://bingebuzz.tv/videos/dqdBypnpKOs/
hJ3NDYvUeIw,100% Recycled,CalebCity,shorts,2026-03-09T23:47:56Z,950424,69406,44.0,64.2,10,False,https://bingebuzz.tv/videos/hJ3NDYvUeIw/
77OU2f54MCY,How OKC was in Practice after Losing Game 4 to the Spurs,RDCworld1,podcast,2026-05-26T22:05:16Z,942400,70794,43.9,64.2,10,False,https://bingebuzz.tv/videos/77OU2f54MCY/
cMLpo7TBh-8,Getting dropped in the Star Wars universe…,CalebCity,shorts,2026-05-05T00:13:03Z,875164,76554,43.9,64.4,10,False,https://bingebuzz.tv/videos/cMLpo7TBh-8/
le_yPjneTvA,Ep 617 - Irish Good Morning,Matt and Shane's Secret Podcast,podcast,2026-05-29T18:26:21Z,874970,14200,43.9,48.0,10,False,https://bingebuzz.tv/videos/le_yPjneTvA/
j4M74QstbOs,BAMBI PREGNANT AGAIN??? #shorts,Druski,shorts,2026-07-17T01:53:05Z,874118,29494,43.9,58.3,10,False,https://bingebuzz.tv/videos/j4M74QstbOs/
oBV38yKjwsk,Ep 625 - The Big Show (feat. Billy & Spud),Matt and Shane's Secret Podcast,podcast,2026-07-17T13:07:50Z,848844,15458,43.9,49.5,10,False,https://bingebuzz.tv/videos/oBV38yKjwsk/
JoRWhcpd3yE,Never think you’re safe when LeBron is there 😂 #nba #shorts #funny #rdcworld1,RDCworld1,shorts,2026-04-13T19:15:01Z,840174,39386,43.9,62.1,10,False,https://bingebuzz.tv/videos/JoRWhcpd3yE/
cWhzhn5j18Y,When Someone Doesn't Read The News,Ryan George,sketch,2026-04-27T16:01:04Z,826806,64661,43.8,64.2,10,False,https://bingebuzz.tv/videos/cWhzhn5j18Y/
_EVX6dPJLc0,Ep 615 - Slim Goodie (feat. Sheryl Underwood),Matt and Shane's Secret Podcast,podcast,2026-05-20T20:48:45Z,824489,27283,43.8,58.1,10,False,https://bingebuzz.tv/videos/_EVX6dPJLc0/
oDWQ-9X-Gmg,Ep 614 - iNasty,Matt and Shane's Secret Podcast,podcast,2026-05-15T12:01:31Z,814826,14524,43.8,49.2,10,False,https://bingebuzz.tv/videos/oDWQ-9X-Gmg/
wFH9jQMAjPY,The most REGULAR day in the Resident Evil universe… #residentevilrequiem #capcom #sponsored,CalebCity,shorts,2026-02-27T21:13:29Z,812989,69844,43.8,64.3,10,False,https://bingebuzz.tv/videos/wFH9jQMAjPY/
jJofUlrvRKA,"When your duo is going through GENUINE psychosis, but you’re 2 games away from rank up…",CalebCity,shorts,2026-03-25T23:03:17Z,809449,62367,43.8,64.2,10,False,https://bingebuzz.tv/videos/jJofUlrvRKA/
4GmE9z5npdo,Exterminator techniques #comedy #standup #crowdwork,Stavros Halkias,shorts,2026-03-02T12:40:58Z,803759,24726,43.8,57.1,10,False,https://bingebuzz.tv/videos/4GmE9z5npdo/
aQzVhQeswLE,It doesn't mean they're 18.,Gilly and Keeves,shorts,2025-04-11T19:40:39Z,787767,7724,43.8,45.5,10,False,https://bingebuzz.tv/videos/aQzVhQeswLE/
gfc53HTaMRg,Batman would NEVER let a collab happen 🤣 #shorts #marvel #dc #dccomics #funny #rdcworld1 #batman,RDCworld1,sketch,2026-04-10T22:08:19Z,759000,48760,43.7,63.8,10,False,https://bingebuzz.tv/videos/gfc53HTaMRg/
5Ayf7C7ZTA4,Waking up in ANY show thats avoiding copyrights.,CalebCity,sketch,2026-02-03T23:36:16Z,757784,82055,43.7,64.7,10,False,https://bingebuzz.tv/videos/5Ayf7C7ZTA4/
dm4q12ExLlw,Why can’t you just admit that you sold? 😂 #funny #rdcworld1 #shorts,RDCworld1,shorts,2026-06-23T21:35:51Z,744819,46079,43.7,63.6,10,False,https://bingebuzz.tv/videos/dm4q12ExLlw/
EQ6NBrLxI9o,Arguing with ANYONE online...,CalebCity,sketch,2025-12-03T04:03:15Z,714908,89199,43.7,64.8,10,False,https://bingebuzz.tv/videos/EQ6NBrLxI9o/
MawhCcGMoBc,There's Nothing Like KFC When You're Sad,YMH Studios,shorts,2026-08-19T20:30:32Z,83705,2203,43.7,50.3,40.7,False,https://bingebuzz.tv/videos/MawhCcGMoBc/
C_3bCs3li7o,Druski grabbed the wrong baby #shorts,Druski,shorts,2026-07-17T01:52:49Z,696430,32596,43.6,62.1,10,False,https://bingebuzz.tv/videos/C_3bCs3li7o/
CUh1e3KUOoY,Ben Franklin if you had to draw him from memory,Smosh,shorts,2026-08-13T19:00:22Z,80682,2913,43.6,44.9,36.3,False,https://bingebuzz.tv/videos/CUh1e3KUOoY/
coWTcJOsxmM,Are you ready for this clip!?,We Might Be Drunk Podcast,shorts,2026-08-24T15:26:17Z,24371,691,43.6,48.7,47.4,False,https://bingebuzz.tv/videos/coWTcJOsxmM/
9yVAjrEsoAg,Ep 621 - Landlubbers,Matt and Shane's Secret Podcast,podcast,2026-06-26T12:00:27Z,684514,11903,43.5,48.8,10,False,https://bingebuzz.tv/videos/9yVAjrEsoAg/
3Kuw1ZOdxmQ,Mister Robinson's Neighborhood: Pyromaniac - SNL,Saturday Night Live,podcast,2026-08-05T13:00:09Z,95188,2766,43.5,40.1,38.6,False,https://bingebuzz.tv/videos/3Kuw1ZOdxmQ/
sQbHqxV5pDg,Gerbies goes to Hooters,AreYouGarbage? Comedy Podcast,shorts,2026-08-18T22:02:47Z,56848,1514,43.5,41.0,42.9,False,https://bingebuzz.tv/videos/sQbHqxV5pDg/
8vBos7D5awA,Clinging To The Hood Of A Chevy Tahoe w/ Katherine Blanford | First Date with Lauren Compton,YMH Studios,podcast,2026-08-25T12:00:33Z,14754,339,43.5,49.4,54.9,False,https://bingebuzz.tv/videos/8vBos7D5awA/
rJhXBYctLLY,"If it sounds too good to be true, it probably is 🤣 #funny #rdcworld1 #shorts #horror",RDCworld1,sketch,2026-06-16T17:30:01Z,667842,55548,43.4,64.3,10,False,https://bingebuzz.tv/videos/rJhXBYctLLY/
JyyNTIzFZpo,Movie characters when the monster is CLEARLY bulletproof...,CalebCity,sketch,2025-12-18T02:55:58Z,658261,78814,43.4,64.8,10,False,https://bingebuzz.tv/videos/JyyNTIzFZpo/
h1dilnRl3sk,Ghosts are NO LONGER scary...,CalebCity,sketch,2026-05-30T20:32:40Z,653694,74787,43.4,64.8,10,False,https://bingebuzz.tv/videos/h1dilnRl3sk/
RuKUYVYFmok,Glazing on the verge of death is INSANE 🤣 #shorts #rdcworld1 #anime,RDCworld1,sketch,2026-07-18T18:06:43Z,653310,69515,43.4,64.7,10,False,https://bingebuzz.tv/videos/RuKUYVYFmok/
7RHGesrLMfI,Ep 623 - The Good Guy Weed (feat. Lemaire Lee),Matt and Shane's Secret Podcast,podcast,2026-07-02T12:00:27Z,649414,10560,43.4,48.0,10,False,https://bingebuzz.tv/videos/7RHGesrLMfI/
Qjd8yXvfu8A,Evolution of a Sketch | The 301 Spartans 🏆 FYC 🏆,Saturday Night Live,shorts,2026-08-23T16:04:40Z,29327,738,43.3,38.3,47.3,False,https://bingebuzz.tv/videos/Qjd8yXvfu8A/
YfRvHmMFRaA,The MOMENT I get put in an infinite loop on a fighting game…,CalebCity,shorts,2026-05-01T03:02:27Z,601330,38134,43.2,63.7,10,False,https://bingebuzz.tv/videos/YfRvHmMFRaA/
1T4UP7DfP18,parent-teacher conference,Saturday Night Live,sketch,2026-08-05T21:24:22Z,127285,4558,43.2,45.9,33.2,False,https://bingebuzz.tv/videos/1T4UP7DfP18/
WCWYh0zeUVA,Interrogation 101 #Reno911,Comedy Central,shorts,2026-08-10T19:33:40Z,89576,2556,43.2,37.1,39.0,False,https://bingebuzz.tv/videos/WCWYh0zeUVA/
MfVuO8NDSBI,If Ghosts Could Watch True Crime,Ryan George,sketch,2026-06-19T19:54:44Z,558953,41056,42.9,64.2,10,False,https://bingebuzz.tv/videos/MfVuO8NDSBI/
Y-p6olSnpVU,lets get to sippin @Jshock9nine,Theo Von,shorts,2026-08-11T15:59:34Z,119071,3234,42.9,40.4,37.3,False,https://bingebuzz.tv/videos/Y-p6olSnpVU/
axGeZqNeEfw,That occupation is a guaranteed death sentence 🤣 #shorts #funny #rdcworld1,RDCworld1,sketch,2026-04-03T20:00:04Z,546398,47653,42.7,64.3,10,False,https://bingebuzz.tv/videos/axGeZqNeEfw/
iXBPH2NoF7U,Ep 618 - Officer Lemaire (feat. Charles Blyzniuk & Lemaire Lee),Matt and Shane's Secret Podcast,podcast,2026-06-06T00:34:13Z,541815,8724,42.7,47.9,10,False,https://bingebuzz.tv/videos/iXBPH2NoF7U/
uTM8OLZjV9k,When Doomsday Prepping Gets Too Real,Ryan George,sketch,2026-04-06T19:00:17Z,536179,38261,42.6,64.1,10,False,https://bingebuzz.tv/videos/uTM8OLZjV9k/
bcDqgK9bOfg,Is you buying? #shorts,Druski,shorts,2026-07-21T00:50:40Z,522852,25272,42.5,62.3,10,False,https://bingebuzz.tv/videos/bcDqgK9bOfg/
haT8R9XQpsc,Hecklers ask for help #standup #comedy,Stavros Halkias,shorts,2026-03-12T13:16:50Z,513317,15726,42.4,57.0,10,False,https://bingebuzz.tv/videos/haT8R9XQpsc/
Bl0gjyqDnqY,Target Lady: New Trainee - SNL,Saturday Night Live,podcast,2026-07-29T14:30:29Z,494767,7097,42.3,47.2,10,False,https://bingebuzz.tv/videos/Bl0gjyqDnqY/
Xsv02SMu6Xg,The First Guy To Ever Get A Tattoo,Ryan George,sketch,2026-04-13T16:21:34Z,492968,37156,42.3,64.2,10,False,https://bingebuzz.tv/videos/Xsv02SMu6Xg/
XJwrUI9UNwc,We Threw A Slumber Party | Bit City,Smosh,sketch,2026-07-10T16:00:35Z,488693,29794,42.3,63.6,10,False,https://bingebuzz.tv/videos/XJwrUI9UNwc/
1a1Cfn0Sfio,The Guy Who Invented The Spork,Ryan George,sketch,2026-05-04T16:00:03Z,486767,40694,42.2,64.3,10,False,https://bingebuzz.tv/videos/1a1Cfn0Sfio/
yoSDn_wEAW8,Trying To Get A Job In 2026,Ryan George,sketch,2026-06-27T14:05:29Z,474513,39474,42.2,64.3,10,False,https://bingebuzz.tv/videos/yoSDn_wEAW8/
ZiCl7j9mowk,90s Time Traveler Discovers Online Gambling,Ryan George,sketch,2026-03-30T15:36:33Z,471963,36660,42.2,64.2,10,False,https://bingebuzz.tv/videos/ZiCl7j9mowk/
WtFLyc02EOw,Aura farming at someone else’s expense is wild 🤣 #sololeveling #shorts #funny #anime #jjk,RDCworld1,shorts,2026-04-06T20:00:33Z,470583,36845,42.2,64.2,10,False,https://bingebuzz.tv/videos/WtFLyc02EOw/
KWAn8pZModM,Sona & Gourley imagine Conan as Santa Claus. #podcast #comedy,Team Coco,shorts,2026-08-19T19:00:30Z,50073,1191,42.2,34.8,44.0,False,https://bingebuzz.tv/videos/KWAn8pZModM/
7hoCYgSmigc,Jonathan Van Ness Gets Creative With Maple Syrup,Just For Laughs,shorts,2026-08-28T21:00:17Z,1342,28,42.2,50.8,43.9,False,https://bingebuzz.tv/videos/7hoCYgSmigc/
agSZs9VvrRg,When Someone Breaks Unspoken Rules,Ryan George,sketch,2026-05-25T16:06:00Z,450128,36967,42.1,64.3,10,False,https://bingebuzz.tv/videos/agSZs9VvrRg/
JaqpJddSxLE,"""Bunk Beds"" 🎤: Nick Reynoldson | Full Video on our Channel!",Don't Tell Comedy,shorts,2026-08-16T21:00:34Z,45021,1520,42.1,44.3,39.1,False,https://bingebuzz.tv/videos/JaqpJddSxLE/
UwFLr6UFQAE,Back to School Season | Stand Up Comedy Compilation,Don't Tell Comedy,standup,2026-08-22T17:00:39Z,27097,631,42.1,35.6,48.1,False,https://bingebuzz.tv/videos/UwFLr6UFQAE/
epwIpOSgpaw,"If you have less pumpkin, you are no less pumpkin.",Smosh,shorts,2026-07-21T19:00:17Z,432743,30597,42.0,64.1,10,False,https://bingebuzz.tv/videos/epwIpOSgpaw/
GzuImoh2wAM,Seattle is for goths #standup #comedy #seattle #pnw,Stavros Halkias,shorts,2026-02-20T13:43:54Z,427425,14796,42.0,58.7,10,False,https://bingebuzz.tv/videos/GzuImoh2wAM/
lHKjXy_MX7o,Verizon called. They said YOU deserve better! 🫵😃 #VerizonPartner,CalebCity,shorts,2025-10-24T21:44:28Z,426715,31782,42.0,64.2,10,False,https://bingebuzz.tv/videos/lHKjXy_MX7o/
HsaJWZ5Lej8,The First Guy To Ever Tell A Joke,Ryan George,sketch,2026-05-11T15:45:02Z,416527,33746,42.0,64.3,10,False,https://bingebuzz.tv/videos/HsaJWZ5Lej8/
Y2YonVlK7AY,The First Guy To Ever Be In Witness Protection,Ryan George,sketch,2026-07-21T19:30:23Z,412247,32789,42.0,64.2,10,False,https://bingebuzz.tv/videos/Y2YonVlK7AY/
H8h6jm9a8wI,Little Delaware Rumours,YMH Studios,shorts,2026-08-21T21:30:03Z,26750,976,41.9,55.0,40.8,False,https://bingebuzz.tv/videos/H8h6jm9a8wI/
jBJpHxN8_bI,Weird Train Incidents | Laura Merli Stand-Up Comedy,Comedy Dynamics,podcast,2026-08-28T17:15:27Z,937,21,41.9,37.7,57.8,False,https://bingebuzz.tv/videos/jBJpHxN8_bI/
GBxrhHkNy7o,What is that?! #LenovoPartner #GamePassPartner,CalebCity,shorts,2025-12-16T22:39:11Z,407618,25915,41.8,63.7,10,False,https://bingebuzz.tv/videos/GBxrhHkNy7o/
EEQvX2a6ChQ,Evolution of a Sketch | Edge of Destiny | 🏆 FYC 🏆,Saturday Night Live,sketch,2026-08-22T20:04:12Z,23267,774,41.8,48.1,43.4,False,https://bingebuzz.tv/videos/EEQvX2a6ChQ/
Q1cjZIB5-0A,To the youngsters.,Gilly and Keeves,shorts,2025-04-17T17:00:31Z,391159,6201,41.7,47.8,10,False,https://bingebuzz.tv/videos/Q1cjZIB5-0A/
ixmS2kbktd0,There's nothing like the love between 2 sisters ❤️,Smosh,shorts,2026-07-14T19:00:31Z,385151,26195,41.7,63.9,10,False,https://bingebuzz.tv/videos/ixmS2kbktd0/
bZ8ZL7rADCs,Jonathan Van Ness Has Some Thoughts About Canada | Just For Laughs,Just For Laughs,standup,2026-08-28T16:00:14Z,1721,19,41.7,29.1,63.8,False,https://bingebuzz.tv/videos/bZ8ZL7rADCs/
OSK4xASQpnQ,When A Big Sports Thing Is Happening,Ryan George,sketch,2026-07-14T20:00:03Z,375116,29040,41.6,64.2,10,False,https://bingebuzz.tv/videos/OSK4xASQpnQ/
ykHmAGQ1Z_0,The First Guy To Ever Make Small Talk,Ryan George,sketch,2026-06-08T16:15:13Z,374646,33716,41.6,64.4,10,False,https://bingebuzz.tv/videos/ykHmAGQ1Z_0/
QLMaMTgX9jU,The Angie Springer Show | Bit City,Smosh,podcast,2026-07-24T16:00:39Z,370691,23815,41.6,63.8,10,False,https://bingebuzz.tv/videos/QLMaMTgX9jU/
CozMyYwD3Jk,How my brother married Tinkerbell | Trish Suhr Stand-Up Comedy,Dry Bar Comedy,standup,2026-08-17T21:00:00Z,56731,1933,41.6,45.6,36.7,False,https://bingebuzz.tv/videos/CozMyYwD3Jk/
wz1iHs4iHnk,"""Glory Hole"" 🎤: Dylan Carlino | @dylancarlino | Full Video on our Channel!",Don't Tell Comedy,shorts,2026-08-22T21:00:00Z,22809,690,41.6,53.3,44.7,False,https://bingebuzz.tv/videos/wz1iHs4iHnk/
gPUY2rNu5-g,SNL Character Highlight: Mary Katherine Gallagher,Saturday Night Live,podcast,2026-08-12T19:30:13Z,83692,1260,41.5,24.2,46.2,False,https://bingebuzz.tv/videos/gPUY2rNu5-g/
8XgJStvtZSU,Dr Phil LIVE! With Phoenix  #comedy #phoenix,Adam Ray,shorts,2026-08-08T19:00:35Z,158538,4313,41.3,40.5,33.8,False,https://bingebuzz.tv/videos/8XgJStvtZSU/
qtQp7lVBLqA,Mark Normand Talks 'Little People' !!! | We Might Be Drunk w/ Sam Morril #shorts,mark normand,shorts,2026-08-17T15:00:06Z,25978,936,41.3,50.7,41.0,False,https://bingebuzz.tv/videos/qtQp7lVBLqA/
XipkmyoecRc,The First Guy To Ever Be A Therapist,Ryan George,sketch,2026-07-07T16:00:38Z,338408,29922,41.2,64.4,10,False,https://bingebuzz.tv/videos/XipkmyoecRc/
9TaUDSbn00I,UFO Expert Reveals Most Undeniable Crash Story,FLAGRANT,podcast,2026-07-29T14:12:16Z,319527,4164,41.0,46.4,10,False,https://bingebuzz.tv/videos/9TaUDSbn00I/
0DVm8qCbvZk,NEW SHORT FILM COMING IN TWO WEEKS! Make sure y’all watch because it’s cinema 🤣 #rdcworld1 #funny,RDCworld1,shorts,2026-05-15T23:46:03Z,310096,21990,40.9,64.1,10,False,https://bingebuzz.tv/videos/0DVm8qCbvZk/
r0qfQwsId3Y,Colin Quinn & Jim Norton w/ Sam Morril & Mark Normand - We Might Be Drunk Podcast,We Might Be Drunk Podcast,crowdwork,2026-08-03T01:00:17Z,197770,4103,40.9,40.2,36.7,False,https://bingebuzz.tv/videos/r0qfQwsId3Y/
_4OEQCB5z9M,Guess which sound we made 🤭,Smosh,shorts,2026-07-23T19:00:00Z,306086,13864,40.8,61.8,10,False,https://bingebuzz.tv/videos/_4OEQCB5z9M/
pA0OsjmSpqY,If They Made Happy Meals For Millennials,Ryan George,sketch,2026-05-18T17:01:03Z,300014,28627,40.7,64.5,10,False,https://bingebuzz.tv/videos/pA0OsjmSpqY/
4basaUXTV_s,Ep 619 - Plus-Sized Problems (feat. Nate Marshall & Lemaire Lee),Matt and Shane's Secret Podcast,podcast,2026-06-11T12:00:00Z,292455,4604,40.6,47.8,10,False,https://bingebuzz.tv/videos/4basaUXTV_s/
QSZmlTXr3vE,Don't make me call the dawgs on you.,Gilly and Keeves,shorts,2025-04-14T16:13:53Z,292209,4246,40.6,47.3,10,False,https://bingebuzz.tv/videos/QSZmlTXr3vE/
_wUw2m_KryY,Everything The Odyssey Got Wrong… & Why It’s Better,FLAGRANT,podcast,2026-07-23T15:38:25Z,285707,3640,40.6,46.2,10,False,https://bingebuzz.tv/videos/_wUw2m_KryY/
0P9dbjhDH1E,The d**khead boyfriend handbook #comedy #standup #crowdwork,Stavros Halkias,crowdwork,2026-02-24T14:24:25Z,284763,10600,40.6,59.6,10,False,https://bingebuzz.tv/videos/0P9dbjhDH1E/
2-cagUSgYMo,"From Fire Island to Loot, Catch Joel Kim Booster live in Toronto for two nights of comedy!",Just For Laughs,shorts,2026-08-25T16:32:01Z,21289,268,40.6,25.6,55.1,False,https://bingebuzz.tv/videos/2-cagUSgYMo/
XET57IuKVyc,Writing your ex a letter #standup #comedy #crowdwork #dating,Stavros Halkias,crowdwork,2026-02-17T13:50:46Z,268050,9495,40.5,58.9,10,False,https://bingebuzz.tv/videos/XET57IuKVyc/
-USiYGX8-Ok,All about that positive mental attitude #TheShortlist #MaddieWiener,Netflix Is A Joke,shorts,2026-08-24T18:00:00Z,35706,706,40.5,42.5,46.6,False,https://bingebuzz.tv/videos/-USiYGX8-Ok/
sAIYBComiwI,The reason I want to be Professor Xavier from X-Men | Aaron Naylor Stand-Up Comedy,Dry Bar Comedy,standup,2026-08-24T21:00:01Z,13062,522,40.5,55.7,43.1,False,https://bingebuzz.tv/videos/sAIYBComiwI/
MFBW8K5RhAw,If Your Parents' Videos Had An Awards Show,Ryan George,sketch,2026-04-20T16:00:36Z,264637,24567,40.4,64.5,10,False,https://bingebuzz.tv/videos/MFBW8K5RhAw/
EIDhceZZxnY,Purple heart veteran gets kicked out #standupcomedy #heckler,Stavros Halkias,shorts,2026-03-09T17:08:43Z,263023,9268,40.4,58.8,10,False,https://bingebuzz.tv/videos/EIDhceZZxnY/
__LRFIkOqoQ,Angela deals with her crash out,Smosh,shorts,2026-07-16T19:00:22Z,247489,12677,40.3,62.6,10,False,https://bingebuzz.tv/videos/__LRFIkOqoQ/
L_NfsSlDyVo,Ep 624 - Big Boy (feat. Nate Marshall),Matt and Shane's Secret Podcast,podcast,2026-07-09T19:50:34Z,244724,4091,40.3,48.3,10,False,https://bingebuzz.tv/videos/L_NfsSlDyVo/
ZivdZs6pG7U,My Punk Rock STEM Teacher - Mr. White | Tosh Show,tosh show,podcast,2026-08-11T13:00:04Z,88601,2197,39.9,44.7,37.6,False,https://bingebuzz.tv/videos/ZivdZs6pG7U/
GVcY16pAvrg,Ep 626 - Oil Boy (feat. Dru Montana & Lemaire Lee),Matt and Shane's Secret Podcast,podcast,2026-07-24T12:00:04Z,215571,3845,39.8,49.2,10,False,https://bingebuzz.tv/videos/GVcY16pAvrg/
WOsmTxUZy_Q,You're the ugliest.,Gilly and Keeves,shorts,2025-04-18T22:36:50Z,213775,3013,39.8,47.2,10,False,https://bingebuzz.tv/videos/WOsmTxUZy_Q/
NmO9UIhiqEA,Tweety bird #tattoos #standup #comedy #crowdwork,Stavros Halkias,shorts,2026-03-03T15:18:07Z,211847,7419,39.8,58.7,10,False,https://bingebuzz.tv/videos/NmO9UIhiqEA/
cJAMgtNLJVc,Too drunk for geography #comedy #standup #crowdwork #yugoslavia #serbia,Stavros Halkias,shorts,2026-03-05T14:32:56Z,204979,6961,39.7,58.4,10,False,https://bingebuzz.tv/videos/cJAMgtNLJVc/
64imFZBssjc,Iran's MEMEING in the face of ADVERSITY,FLAGRANT,shorts,2026-08-24T12:26:17Z,37916,511,39.6,32.8,48.6,False,https://bingebuzz.tv/videos/64imFZBssjc/
dqcsT80mx4I,Spider-Man is Too Sexy + LeBron’s Secret Philly Deal?,FLAGRANT,podcast,2026-08-05T15:22:50Z,230294,3078,39.5,30.3,39.1,False,https://bingebuzz.tv/videos/dqcsT80mx4I/
vzPjrMl6fxQ,My Hair Transplant - Emergency Pod | Tosh Show,tosh show,podcast,2026-07-28T13:00:12Z,189014,4334,39.5,52.4,10,False,https://bingebuzz.tv/videos/vzPjrMl6fxQ/
_kAB54AVLOk,He's definitely just a charming lil kid!!,Smosh,sketch,2026-07-09T19:00:17Z,183948,15436,39.3,64.3,10,False,https://bingebuzz.tv/videos/_kAB54AVLOk/
RZN3I3KZ10g,"Fogland, but I’m the MC…#WEBTOONPartner, #FogLand @WEBTOON.",CalebCity,sketch,2026-05-20T20:57:00Z,181453,14505,39.3,64.2,10,False,https://bingebuzz.tv/videos/RZN3I3KZ10g/
GUNC_N2Qy8s,Best of San Jose | Adam Ray Comedy,Adam Ray,crowdwork,2026-08-20T19:00:06Z,39678,716,39.3,33.6,45.5,False,https://bingebuzz.tv/videos/GUNC_N2Qy8s/
Dl5qwwN-SiE,Ability To Teleport vs $10 Million Right Now | SquADD Cast Versus | All Def,All Def,podcast,2026-08-17T13:00:04Z,29539,1325,39.3,61.8,34.3,False,https://bingebuzz.tv/videos/Dl5qwwN-SiE/
1P3QnIQezHw,1 Hour of the Best Clean Comedy,Dry Bar Comedy,standup,2026-08-21T14:00:23Z,27986,572,39.3,33.8,46.5,False,https://bingebuzz.tv/videos/1P3QnIQezHw/
0uO1VDacdEI,Pizza Flavored Snacks! | Are You Garbage Comedy Podcast w/ Kevin Ryan & H. Foley,AreYouGarbage? Comedy Podcast,podcast,2026-08-05T23:00:03Z,109570,2590,39.2,43.0,36.1,False,https://bingebuzz.tv/videos/0uO1VDacdEI/
WFnEvECLq-s,Goo Goo Dolls | The Adam Ray Show | @Netflix,Adam Ray,podcast,2026-08-20T22:30:33Z,18066,805,39.2,60.7,38.4,False,https://bingebuzz.tv/videos/WFnEvECLq-s/
Eh4m-gEVwgQ,The new James Bond #standupcomedy #london #007 #jamesbond,Stavros Halkias,shorts,2026-01-27T15:51:57Z,166538,4632,39.1,55.5,10,False,https://bingebuzz.tv/videos/Eh4m-gEVwgQ/
0ABdFZL89W8,How do movie theaters make money? #toshshow #danieltosh #comedy #funny #shorts #podcast,tosh show,shorts,2026-07-23T16:32:37Z,166154,3257,39.1,50.2,10,False,https://bingebuzz.tv/videos/0ABdFZL89W8/
77jAGwWLSos,Coke in the park #standup #comedy #crowdwork #crime #police,Stavros Halkias,shorts,2026-02-19T14:05:00Z,162106,6635,39.1,60.7,10,False,https://bingebuzz.tv/videos/77jAGwWLSos/
r4gbQfSFolo,What happens after The Office table reads 📖,TigerBelly,shorts,2026-08-18T23:53:27Z,107861,1816,39.1,28.8,40.5,False,https://bingebuzz.tv/videos/r4gbQfSFolo/
7nllGfLwjnw,This Went Off The Rails,Bad Friends,shorts,2026-08-12T18:00:29Z,89226,2409,39.1,39.0,35.0,False,https://bingebuzz.tv/videos/7nllGfLwjnw/
BbUNwltCnFw,Evolution of a Sketch | Bob Army | 🏆 FYC 🏆,Saturday Night Live,shorts,2026-08-20T20:04:13Z,29381,908,39.1,46.6,38.9,False,https://bingebuzz.tv/videos/BbUNwltCnFw/
Kn_PLHNaZIM,Make it make sense | Drew Tarvin Stand-Up Comedy,Dry Bar Comedy,standup,2026-08-21T21:00:03Z,25888,1009,39.0,54.1,37.1,False,https://bingebuzz.tv/videos/Kn_PLHNaZIM/
SbV3xwcDbxc,Whitewater rafting is not made for Black people | Kenny Mock Stand-Up Comedy,Dry Bar Comedy,standup,2026-08-20T21:00:04Z,24929,1152,38.9,49.9,35.2,False,https://bingebuzz.tv/videos/SbV3xwcDbxc/
zhm4qv1vers,Pedro Pascal Is Not in The Odyssey...And He's Gay,YMH Studios,shorts,2026-08-24T22:45:19Z,36349,267,38.8,26.7,49.6,False,https://bingebuzz.tv/videos/zhm4qv1vers/
dRMUpoeLaL4,"The best and most diverse dude, ever.",Gilly and Keeves,shorts,2025-04-21T21:38:52Z,142270,2679,38.6,50.0,10,False,https://bingebuzz.tv/videos/dRMUpoeLaL4/
Gd9fzH2Jt2w,Target Lady: Dating Advice - SNL,Saturday Night Live,podcast,2026-07-29T15:00:22Z,135999,2214,38.4,48.0,10,False,https://bingebuzz.tv/videos/Gd9fzH2Jt2w/
HpL7u41akbs,I ❤️ Money!,TigerBelly,shorts,2026-08-22T04:03:07Z,45898,914,38.3,35.0,42.1,False,https://bingebuzz.tv/videos/HpL7u41akbs/
eok-8uYRaMU,8 Times the Roast Got Personal | The Legendary Roast of Rich Vos - Stand-Up Comedy,Comedy Dynamics,podcast,2026-08-21T19:30:03Z,27892,287,38.3,22.6,51.0,False,https://bingebuzz.tv/videos/eok-8uYRaMU/
DaVz-p5Wjak,Uncle Daycare - Beers for snacks,Gilly and Keeves,shorts,2025-04-09T20:29:34Z,123803,2552,38.2,50.9,10,False,https://bingebuzz.tv/videos/DaVz-p5Wjak/
sHQcKdmnLSI,The BusBoys Review You've Been Waiting For,YMH Studios,shorts,2026-08-24T20:45:23Z,26689,477,38.2,41.2,47.1,False,https://bingebuzz.tv/videos/sHQcKdmnLSI/
JEFKkzzENsw,The worst doctor ever | Adam Ray Comedy,Adam Ray,shorts,2026-08-15T19:00:25Z,39390,1612,38.1,52.4,32.3,False,https://bingebuzz.tv/videos/JEFKkzzENsw/
UHOpyFW2U3c,Ep 616 - The Four Heavens (feat. David Stuart),Matt and Shane's Secret Podcast,podcast,2026-05-27T22:32:35Z,122932,2886,38.0,52.8,10,False,https://bingebuzz.tv/videos/UHOpyFW2U3c/
rAVci1HRNbA,Roast Everybody Pt. 2 | All Def TV | All Def,All Def,sketch,2026-07-11T13:00:13Z,119418,2685,38.0,52.1,10,False,https://bingebuzz.tv/videos/rAVci1HRNbA/
HMSBqfvM0-w,Target Lady: Stock Boy - SNL,Saturday Night Live,podcast,2026-07-29T14:00:31Z,115992,1507,37.8,46.4,10,False,https://bingebuzz.tv/videos/HMSBqfvM0-w/
BEWZV89Fi1A,Ep 620 - In Defense of Sunlight (feat. Rowan Jacobsen),Matt and Shane's Secret Podcast,podcast,2026-06-18T12:00:25Z,115216,2399,37.7,51.3,10,False,https://bingebuzz.tv/videos/BEWZV89Fi1A/
u2Oc6TlY3Gc,You have a 50/50 chance when falling 50 ft or higher #toshshow #danieltosh #comedy #funny #podcast,tosh show,podcast,2026-07-16T16:36:05Z,113122,2674,37.6,52.9,10,False,https://bingebuzz.tv/videos/u2Oc6TlY3Gc/
5BtNygBwTf4,Lady Uncles.,Gilly and Keeves,shorts,2025-04-12T16:46:23Z,112486,2410,37.6,51.5,10,False,https://bingebuzz.tv/videos/5BtNygBwTf4/
kGe7TRzkSb8,My Beekeeper - Jeremy Jensen | Tosh Show,tosh show,podcast,2026-08-04T13:00:12Z,104659,2814,37.5,47.2,32.2,False,https://bingebuzz.tv/videos/kGe7TRzkSb8/
shv3jZygl00,Ep 622 - Am-I.Film (feat. Milo Reed),Matt and Shane's Secret Podcast,podcast,2026-06-30T12:00:26Z,108518,2583,37.4,53.0,10,False,https://bingebuzz.tv/videos/shv3jZygl00/
nzeqZe4Tixc,Target Lady: Valentine - SNL,Saturday Night Live,podcast,2026-07-29T13:30:17Z,106038,2354,37.4,52.0,10,False,https://bingebuzz.tv/videos/nzeqZe4Tixc/
NzT9UYuXTZY,My Vintage Movie Theater Owner - Judy Kim | Tosh Show,tosh show,podcast,2026-07-21T13:00:08Z,105356,2909,37.4,55.4,10,False,https://bingebuzz.tv/videos/NzT9UYuXTZY/
rsUtdFYrFRw,Ep 630 - Buildings (feat. Michael P. Murphy),Matt and Shane's Secret Podcast,podcast,2026-08-10T12:00:05Z,90263,1816,37.4,40.1,37.5,False,https://bingebuzz.tv/videos/rsUtdFYrFRw/
ANudl-rb_dw,Driving With Kelly | Adam Ray Comedy,Adam Ray,shorts,2026-08-14T19:00:16Z,35711,1259,37.3,53.6,34.4,False,https://bingebuzz.tv/videos/ANudl-rb_dw/
_vAnkWPMz_U,Evolution of a Sketch | Dobby the House Elf on J.K. Rowling | 🏆 FYC 🏆,Saturday Night Live,shorts,2026-08-21T22:07:08Z,24903,627,37.3,34.3,42.1,False,https://bingebuzz.tv/videos/_vAnkWPMz_U/
-aeG2scZqhM,Trump will get a date.,Gilly and Keeves,shorts,2025-04-10T19:57:31Z,100637,2109,37.2,51.4,10,False,https://bingebuzz.tv/videos/-aeG2scZqhM/
vZq3w8ldJDw,Detective Doc,Bad Friends,shorts,2026-08-08T17:00:15Z,70230,2195,37.2,39.3,31.9,False,https://bingebuzz.tv/videos/vZq3w8ldJDw/
OFKgJ8kglWg,Ala Carte Vibes - Christine Little,Comedy Dynamics,shorts,2026-08-27T14:00:36Z,741,45,37.2,55.2,40.4,False,https://bingebuzz.tv/videos/OFKgJ8kglWg/
jWRV9KAOQ8g,Ep 627 - No-Nog (feat. Joe Alto),Matt and Shane's Secret Podcast,podcast,2026-07-27T12:00:37Z,96216,1823,36.9,50.0,10,False,https://bingebuzz.tv/videos/jWRV9KAOQ8g/
Urv_f8Cg7m8,The True Winners of the World Cup... Israel???,FLAGRANT,shorts,2026-07-27T12:30:08Z,93312,1213,36.8,46.4,10,False,https://bingebuzz.tv/videos/Urv_f8Cg7m8/
qMybAwZjF8Q,Its butt sausage.,Gilly and Keeves,shorts,2025-04-28T21:46:58Z,92384,1623,36.8,49.0,10,False,https://bingebuzz.tv/videos/qMybAwZjF8Q/
cualJXic1Jw,Small Business Spotlight! | Are You Garbage Comedy Podcast w/ Kevin Ryan & H. Foley,AreYouGarbage? Comedy Podcast,podcast,2026-07-29T23:00:39Z,91678,2604,36.8,55.7,10,False,https://bingebuzz.tv/videos/cualJXic1Jw/
U8fHhnOIKVc,Stop playing. #KeyandPeele,Comedy Central,shorts,2026-08-07T17:30:51Z,165092,4515,36.5,37.8,27.7,False,https://bingebuzz.tv/videos/U8fHhnOIKVc/
yWsgSDKilno,He got hit by the same car 7 times?!,Smosh,shorts,2026-07-29T19:00:33Z,86120,5096,36.5,63.4,10,False,https://bingebuzz.tv/videos/yWsgSDKilno/
Ffpca8K-Zcs,Can't sleep.,Gilly and Keeves,shorts,2025-04-16T16:31:28Z,84659,1845,36.5,51.8,10,False,https://bingebuzz.tv/videos/Ffpca8K-Zcs/
khxTPSSpEqs,My Pro Hang Glider - Joe Greblo | ToshShow,tosh show,podcast,2026-07-14T13:00:35Z,84435,2442,36.5,56.2,10,False,https://bingebuzz.tv/videos/khxTPSSpEqs/
MiIzRhWtDVo,The ask couldn't have been clearer. #Reno911,Comedy Central,sketch,2026-08-03T16:00:32Z,45745,2027,36.5,47.4,28.9,False,https://bingebuzz.tv/videos/MiIzRhWtDVo/
NXvK_Ooe2Qw,California smells like sh*t,Stavros Halkias,shorts,2026-08-21T16:08:21Z,16964,548,36.5,47.9,39.8,False,https://bingebuzz.tv/videos/NXvK_Ooe2Qw/
69iifU5CGjA,Working out with WNBA Players #toshshow #danieltosh #comedy #funny #wnba #workout,tosh show,shorts,2026-07-13T17:40:54Z,81404,1862,36.3,52.4,10,False,https://bingebuzz.tv/videos/69iifU5CGjA/
hg1YLlUSxnk,Dave's Lazy Lube.,Gilly and Keeves,shorts,2025-04-11T23:47:43Z,80799,1748,36.3,51.7,10,False,https://bingebuzz.tv/videos/hg1YLlUSxnk/
x57_nx5-EAQ,The big man doesn’t like stairs,AreYouGarbage? Comedy Podcast,shorts,2026-08-14T22:07:36Z,63429,1123,36.3,23.5,40.0,False,https://bingebuzz.tv/videos/x57_nx5-EAQ/
eSfdFLsjz6A,LA Girl Religion - Dan Ahdoot,Comedy Dynamics,shorts,2026-08-24T17:48:25Z,24187,937,36.3,56.1,34.2,False,https://bingebuzz.tv/videos/eSfdFLsjz6A/
_3_la_tebgc,"Kev Adams is learning that ""hang out"" may be too versatile a term.",Just For Laughs,standup,2026-08-22T16:00:09Z,30320,883,36.1,41.2,35.7,False,https://bingebuzz.tv/videos/_3_la_tebgc/
oUVyaLFqLXY,Counterfeit Money,AreYouGarbage? Comedy Podcast,shorts,2026-07-27T23:06:15Z,72085,2171,35.8,56.7,10,False,https://bingebuzz.tv/videos/oUVyaLFqLXY/
7f4AvJKbq6c,How to Be a Classy Comedian w/ Ryan Hamilton! | Are You Garbage Podcast w/ Kevin Ryan & H. Foley,AreYouGarbage? Comedy Podcast,podcast,2026-07-26T23:00:16Z,71427,2055,35.8,56.0,10,False,https://bingebuzz.tv/videos/7f4AvJKbq6c/
B7VjGBFW9n0,Only Fans Money Making Secrets Revealed,Gilly and Keeves,shorts,2025-04-09T18:37:51Z,70654,1537,35.8,51.8,10,False,https://bingebuzz.tv/videos/B7VjGBFW9n0/
kB5c-2F_lGw,Becoming a Fine Southern Gentlemen | Michael Ian Black Stand-Up Comedy,Comedy Dynamics,podcast,2026-08-26T18:01:14Z,5262,74,35.8,28.1,53.8,False,https://bingebuzz.tv/videos/kB5c-2F_lGw/
CuI2W_cbowU,My parents met at a marriage counselor | Aaron Naylor Stand-Up Comedy,Dry Bar Comedy,standup,2026-08-23T21:00:02Z,21335,515,35.7,39.0,41.8,False,https://bingebuzz.tv/videos/CuI2W_cbowU/
r99Oi9_bG3E,Live Football - Chris Porter,Comedy Dynamics,shorts,2026-08-23T14:00:15Z,16869,717,35.7,51.7,35.1,False,https://bingebuzz.tv/videos/r99Oi9_bG3E/
YSl8o6SBK1A,Jackets are for chumps #ThePeteDavidsonShow #DomDiSandro,Netflix Is A Joke,shorts,2026-08-25T13:00:00Z,9341,170,35.7,37.2,50.0,False,https://bingebuzz.tv/videos/YSl8o6SBK1A/
Hc7yNzadwT0,Sam Morril & Mark Normand - We Might Be Drunk Podcast,We Might Be Drunk Podcast,podcast,2026-08-10T01:00:26Z,113867,2253,35.6,38.1,34.1,False,https://bingebuzz.tv/videos/Hc7yNzadwT0/
s9jmkJCeuWQ,This part of The Odyssey Made NO SENSE,FLAGRANT,shorts,2026-07-28T13:30:17Z,70159,795,35.6,45.8,10,False,https://bingebuzz.tv/videos/s9jmkJCeuWQ/
D-aGuNhLhVo,"Worst movie fans: Sci-Fi, Horror, Foreign-Film",tosh show,shorts,2026-07-27T15:21:55Z,65979,1533,35.5,52.6,10,False,https://bingebuzz.tv/videos/D-aGuNhLhVo/
LyZILasympQ,theee-ate-er #KeyandPeele,Comedy Central,shorts,2026-07-27T16:00:29Z,65721,1772,35.4,54.9,10,False,https://bingebuzz.tv/videos/LyZILasympQ/
OcJYckakpkE,Sleepwalking Cop,Gilly and Keeves,shorts,2025-04-10T22:42:34Z,64357,835,35.4,46.4,10,False,https://bingebuzz.tv/videos/OcJYckakpkE/
cFUP4BqsqG4,Tom Holland is Looking TOO GOOD in Spider-Man Brand New Day,FLAGRANT,shorts,2026-08-12T12:30:08Z,60283,1837,35.3,40.4,30.8,False,https://bingebuzz.tv/videos/cFUP4BqsqG4/
oZ_RSDIAibQ,House Maid vs Personal Assistant | SquADD Cast Versus | All Def,All Def,podcast,2026-08-10T13:00:26Z,32160,1396,35.3,57.3,29.8,False,https://bingebuzz.tv/videos/oZ_RSDIAibQ/
NA09AE_4xqU,The male loneliness epidemic is no match for a brew and a bro. #NathanForYou,Comedy Central,shorts,2026-08-21T16:00:48Z,31860,738,35.3,38.1,39.0,False,https://bingebuzz.tv/videos/NA09AE_4xqU/
lY9UD2iXT7g,Sleep Cop Bloopers.,Gilly and Keeves,shorts,2025-04-16T21:44:55Z,62848,1133,35.2,49.4,10,False,https://bingebuzz.tv/videos/lY9UD2iXT7g/
LMEMC2e4LxY,"Brother, brother, brother. #KeyandPeele",Comedy Central,shorts,2026-08-17T16:00:31Z,36250,1034,35.2,38.5,34.7,False,https://bingebuzz.tv/videos/LMEMC2e4LxY/
ZVR5mISNw1s,Baltimore crimes #standup #comedy #crime #crowdwork,Stavros Halkias,shorts,2026-01-29T15:11:26Z,60737,2512,35.1,61.0,10,False,https://bingebuzz.tv/videos/ZVR5mISNw1s/
2t4zYWChuok,Evolution of a Sketch | Leg Lengthening | 🏆 FYC 🏆,Saturday Night Live,shorts,2026-08-19T20:18:33Z,31972,933,35.1,37.4,34.7,False,https://bingebuzz.tv/videos/2t4zYWChuok/
4Ih4pxwYDE0,What if Smosh made The Jerry Springer Show,Smosh,shorts,2026-08-04T19:00:37Z,59692,2328,34.9,43.9,27.1,False,https://bingebuzz.tv/videos/4Ih4pxwYDE0/
KTa4TOQzIYU,"anything for you, Swift #TheAdamRayShow #GooGooDolls #TaylorSwift",Netflix Is A Joke,standup,2026-08-23T16:00:00Z,20218,580,34.7,49.1,38.0,False,https://bingebuzz.tv/videos/KTa4TOQzIYU/
2ajQqoIo3zk,Bobby Lee Shows Mark Normand & Shane Gillis His Pubes | Bad Friends Podcast #shorts,mark normand,shorts,2026-08-23T15:00:07Z,20033,435,34.7,35.5,42.7,False,https://bingebuzz.tv/videos/2ajQqoIo3zk/
emwJ6bfAxfY,Working on MacGyver #toshshow #danieltosh #comedy #funny #podcast #shorts,tosh show,shorts,2026-07-17T17:35:09Z,50885,1220,34.6,53.1,10,False,https://bingebuzz.tv/videos/emwJ6bfAxfY/
MuyvGsv4v4I,David Koechner & The Larry David Premiere | TigerBelly 565,TigerBelly,podcast,2026-07-30T14:00:14Z,136919,2832,34.5,38.5,30.9,False,https://bingebuzz.tv/videos/MuyvGsv4v4I/
TuVWbYxuxLE,Coach Bloopers.,Gilly and Keeves,shorts,2025-04-15T17:04:20Z,49102,886,34.4,49.4,10,False,https://bingebuzz.tv/videos/TuVWbYxuxLE/
zLj04ywjMLI,Fat identical gay guys #standup #comedy #crowdwork,Stavros Halkias,crowdwork,2026-02-27T13:50:02Z,46936,2353,34.3,62.5,10,False,https://bingebuzz.tv/videos/zLj04ywjMLI/
SeS30R0319Q,The worst part about getting bit by a dog | Aaron Naylor Stand-Up Comedy,Dry Bar Comedy,standup,2026-08-22T21:00:03Z,11161,442,34.3,54.2,36.5,False,https://bingebuzz.tv/videos/SeS30R0319Q/
ZeScVV1lIf4,It's a hard knock life. #Detroiters,Comedy Central,shorts,2026-07-22T21:03:38Z,45827,537,34.2,46.0,10,False,https://bingebuzz.tv/videos/ZeScVV1lIf4/
3SEsnmLhZTg,Mayonnaise With Every Meal vs Hot Sauce | SquADD Cast Versus | All ,All Def,podcast,2026-06-15T13:00:29Z,41267,1570,33.8,59.9,10,False,https://bingebuzz.tv/videos/3SEsnmLhZTg/
flXalrGiIIo,"If you didn't fit in the car, you just weren't part of the family that day | Kenny Mock",Dry Bar Comedy,standup,2026-08-18T21:00:15Z,19737,861,33.8,46.0,31.7,False,https://bingebuzz.tv/videos/flXalrGiIIo/
tLUa4q8gtnE,Don't Get a Bad Tattoo! | Are You Garbage Comedy Podcast w/ Kevin Ryan & H. Foley,AreYouGarbage? Comedy Podcast,podcast,2026-08-02T23:00:21Z,97590,2472,33.6,43.2,29.2,False,https://bingebuzz.tv/videos/tLUa4q8gtnE/
GNdcsZaRWzU,Why Call When You Can Text feat. MegScoop | Tony B. Walkin’ | All Def,All Def,sketch,2026-06-27T13:00:11Z,38368,2297,33.6,63.4,10,False,https://bingebuzz.tv/videos/GNdcsZaRWzU/
wCpqLdfsIKs,Hollywood Avoids Curvy Women feat. Persephanii | Tony B. Walkin’ | All Def,All Def,sketch,2026-06-06T13:00:07Z,38078,2364,33.6,63.6,10,False,https://bingebuzz.tv/videos/wCpqLdfsIKs/
U2iny-ly6dI,Lose One For Life; Pillow vs Blanket | SquADD Cast Versus | All Def,All Def,podcast,2026-06-08T13:00:31Z,37926,1426,33.5,59.7,10,False,https://bingebuzz.tv/videos/U2iny-ly6dI/
Agb-p8KUM8c,See me live in 2026 #standup #comedy #tour,Stavros Halkias,shorts,2026-02-12T20:07:56Z,37755,960,33.4,54.1,10,False,https://bingebuzz.tv/videos/Agb-p8KUM8c/
5fuVTWKMnPo,Date Someone W/ Bad Manners vs Bad Breath | SquADD Cast Versus | All Def,All Def,podcast,2026-06-22T13:00:02Z,37208,1600,33.4,61.4,10,False,https://bingebuzz.tv/videos/5fuVTWKMnPo/
6ba9qPnDqpw,Big on Veganism - Angelo Tsarouchas,Comedy Dynamics,shorts,2026-08-23T19:00:34Z,23859,574,33.4,35.7,38.3,False,https://bingebuzz.tv/videos/6ba9qPnDqpw/
xUch4HugoVQ,Strip Club on 9/11? | Sohrab Forouzesh Stand-Up Comedy,Comedy Dynamics,podcast,2026-08-27T18:00:37Z,3952,38,33.4,22.2,53.1,False,https://bingebuzz.tv/videos/xUch4HugoVQ/
5U6V4VEoiAg,SNL Character Highlight: Mister Robinson,Saturday Night Live,podcast,2026-08-04T17:00:13Z,69659,1628,33.1,32.9,32.1,False,https://bingebuzz.tv/videos/5U6V4VEoiAg/
eV6sx1VNPts,Should kids go to college these days #toshshow #danieltosh #comedy #funny #shorts #podcast,tosh show,shorts,2026-08-13T17:01:55Z,45111,1277,33.1,35.7,31.2,False,https://bingebuzz.tv/videos/eV6sx1VNPts/
cfrugPk8vJ4,Lays vs Doritos | SquADD Cast Versus | All Def,All Def,podcast,2026-07-27T11:00:13Z,35921,1270,33.1,58.8,10,False,https://bingebuzz.tv/videos/cfrugPk8vJ4/
QoT2V_UchWI,"It took me 99 dates to find ""the one."" | Drew Tarvin Stand-Up Comedy",Dry Bar Comedy,standup,2026-08-19T21:00:19Z,18732,671,33.1,45.9,33.8,False,https://bingebuzz.tv/videos/QoT2V_UchWI/
TpYa9kHKDPg,Old People Should Not be Allowed on Social Media | Byron Trimble FULL SPECIAL,Dry Bar Comedy,standup,2026-08-17T14:00:22Z,28925,684,33.0,36.0,36.6,False,https://bingebuzz.tv/videos/TpYa9kHKDPg/
YIYaulOR9c8,And that's how you handle business. #Detroiters,Comedy Central,shorts,2026-07-29T16:00:52Z,33970,491,32.9,47.3,10,False,https://bingebuzz.tv/videos/YIYaulOR9c8/
mtV2cWEr_O4,Producer AND writer for Widow’s Bay,TigerBelly,shorts,2026-07-29T01:07:29Z,33126,728,32.9,51.9,10,False,https://bingebuzz.tv/videos/mtV2cWEr_O4/
ostgJFfelrU,Always Have Wet Socks vs Always Pants Too Big | SquADD Cast Versus | All Def,All Def,podcast,2026-07-06T13:00:13Z,32223,1417,32.8,61.4,10,False,https://bingebuzz.tv/videos/ostgJFfelrU/
39K67voyU_o,Jack In The Box vs Waffle House | SquADD Cast Versus | All Def,All Def,podcast,2026-06-29T13:00:00Z,32165,1329,32.8,60.9,10,False,https://bingebuzz.tv/videos/39K67voyU_o/
P0xeUiQNaEs,Turkey LOVES Making Hot MEN,FLAGRANT,shorts,2026-07-22T14:57:10Z,31697,449,32.7,47.2,10,False,https://bingebuzz.tv/videos/P0xeUiQNaEs/
iZPCneWPnZQ,Drums vs Flats  | SquADD Cast Versus | All ,All Def,podcast,2026-07-13T11:00:20Z,31591,1320,32.7,61.0,10,False,https://bingebuzz.tv/videos/iZPCneWPnZQ/
f9D2nxiUQto,Swap Bodies With Your Ex vs Best Friend | SquADD Cast Versus | All Def,All Def,podcast,2026-07-20T11:00:29Z,30515,1268,32.6,61.0,10,False,https://bingebuzz.tv/videos/f9D2nxiUQto/
3YDh7h4-Wjg,Mad TV vs In Living Color | SquADD Cast Versus | All Def,All Def,podcast,2026-08-03T11:00:05Z,28480,1323,32.2,57.5,26.3,False,https://bingebuzz.tv/videos/3YDh7h4-Wjg/
j2yJiAH9EGs,Tank Tops,AreYouGarbage? Comedy Podcast,shorts,2026-08-10T23:02:28Z,56071,933,32.1,18.8,36.6,False,https://bingebuzz.tv/videos/j2yJiAH9EGs/
tSh2WDiUJDA,What kind of Chili's is this? #workaholics,Comedy Central,shorts,2026-08-19T16:00:43Z,40110,793,32.1,26.6,35.9,False,https://bingebuzz.tv/videos/tSh2WDiUJDA/
tcKaLPZsTnI,"Ryan Gosling doesn't want to kiss Jon Rudnitsky and bombing on SNL, a hard lesson learned.",We Might Be Drunk Podcast,shorts,2026-08-21T14:38:51Z,27961,570,32.1,30.2,37.9,False,https://bingebuzz.tv/videos/tcKaLPZsTnI/
dktKkly0DnM,The Funniest Dog Jokes for National Dog Day,Just For Laughs,standup,2026-08-26T21:41:51Z,2666,36,32.1,32.1,51.0,False,https://bingebuzz.tv/videos/dktKkly0DnM/
kuSPAYbr66o,Stavros Track Suit Budget,AreYouGarbage? Comedy Podcast,shorts,2026-08-07T21:58:38Z,65490,1056,31.9,18.8,36.1,False,https://bingebuzz.tv/videos/kuSPAYbr66o/
GnH5sN8AG_4,name game w/ Hannah Strickland,Theo Von,shorts,2026-08-04T13:15:03Z,63397,1318,31.9,32.5,32.7,False,https://bingebuzz.tv/videos/GnH5sN8AG_4/
ppBvB2iblPo,Devastating feedback. #BroadCity,Comedy Central,shorts,2026-07-24T16:00:20Z,27085,197,31.9,45.1,10,False,https://bingebuzz.tv/videos/ppBvB2iblPo/
o9iKLOKHKT0,For the love of dogs - Top Jokes for Dog Owners,Just For Laughs,standup,2026-08-28T10:46:46Z,1141,16,31.8,36.3,51.0,False,https://bingebuzz.tv/videos/o9iKLOKHKT0/
DMbwbIGrHZc,Man has seizure at show! - mark normand #shorts #standupcomedy #haha #comedy,mark normand,shorts,2026-08-09T13:20:32Z,17213,1001,31.7,51.1,28.5,False,https://bingebuzz.tv/videos/DMbwbIGrHZc/
amCI2-MInb8,These Boys are HUNGRY,Bad Friends,shorts,2026-08-19T18:00:26Z,30146,439,31.6,29.7,40.4,False,https://bingebuzz.tv/videos/amCI2-MInb8/
A0GyaNlAlOg,Tensions are HIGH. #Workaholics,Comedy Central,shorts,2026-08-05T16:28:22Z,55204,1874,31.5,41.9,25.1,False,https://bingebuzz.tv/videos/A0GyaNlAlOg/
c5Qb13QxU3Y,"Mark Normand Doesn't Discriminate !! | ""She's a FREAK in the Sheets"" #shorts",mark normand,shorts,2026-08-09T15:00:00Z,15841,819,31.5,49.1,29.7,False,https://bingebuzz.tv/videos/c5Qb13QxU3Y/
BcIufILrTow,Joe Biden has an announcement🤯 | Adam Ray Comedy,Adam Ray,shorts,2026-08-11T20:00:21Z,19753,924,31.3,54.6,28.3,False,https://bingebuzz.tv/videos/BcIufILrTow/
vrEweIdADBg,"""Live comedy"" may be the scariest of all. #digman",Comedy Central,shorts,2026-07-28T16:00:26Z,22304,325,30.7,47.4,10,False,https://bingebuzz.tv/videos/vrEweIdADBg/
5RDAMS13wPA,"wOaH! Man down in the club, to zing or not to zing?",We Might Be Drunk Podcast,shorts,2026-08-12T14:24:20Z,85246,1469,30.6,22.8,31.8,False,https://bingebuzz.tv/videos/5RDAMS13wPA/
3F7ZWBBWc90,Should We All Be On PREP?,FLAGRANT,shorts,2026-07-21T13:48:26Z,20832,296,30.6,47.2,10,False,https://bingebuzz.tv/videos/3F7ZWBBWc90/
z85RBqFeDQg,Boomers | Argus Hamilton | The Comedy Store,The Comedy Store,shorts,2026-08-26T19:00:35Z,4612,83,30.6,38.8,45.4,False,https://bingebuzz.tv/videos/z85RBqFeDQg/
sIH_Y6Vq-fg,Mark Normand Tries Gabe 'FLUFFY' Iglesias' NEW Tequila | We Might Be Drunk w/ Sam Morril #shorts,mark normand,shorts,2026-08-12T15:00:37Z,23038,824,30.4,44.5,29.5,False,https://bingebuzz.tv/videos/sIH_Y6Vq-fg/
tGXrMqUHK6s,Rick Glassman is 30!!!,TigerBelly,shorts,2026-08-08T19:12:17Z,156127,2134,30.3,19.5,29.5,False,https://bingebuzz.tv/videos/tGXrMqUHK6s/
Fco1H84v2m4,Zendaya is like an ANGEL...,FLAGRANT,shorts,2026-08-11T17:15:07Z,54344,711,30.3,18.4,36.8,False,https://bingebuzz.tv/videos/Fco1H84v2m4/
1JV0-7-EuWY,Dads Are the Best | All Def TV | All Def,All Def,sketch,2026-06-20T13:00:35Z,19474,826,30.2,61.2,10,False,https://bingebuzz.tv/videos/1JV0-7-EuWY/
TqLYWGlcolE,"Welcome to Stamptown, the craziest variety show you'll ever see 💥 #Stamptown #ZachZucker",Netflix Is A Joke,shorts,2026-08-26T20:00:00Z,5555,49,30.2,30.1,48.6,False,https://bingebuzz.tv/videos/TqLYWGlcolE/
aHwh9HRP9Oc,My phone is non binary | Ahren Belisle | The New Wave Of Standup,Just For Laughs,standup,2026-08-25T01:05:58Z,1276,67,30.2,60.2,32.6,False,https://bingebuzz.tv/videos/aHwh9HRP9Oc/
tcIBqwVYbrE,Spelling Bee | Adam Ray Comedy,Adam Ray,shorts,2026-08-10T22:00:08Z,22976,865,30.1,44.7,28.4,False,https://bingebuzz.tv/videos/tcIBqwVYbrE/
7cE8XngRaNM,Double lives - double digit headcount.,We Might Be Drunk Podcast,shorts,2026-07-29T17:29:42Z,19130,462,30.1,53.2,10,False,https://bingebuzz.tv/videos/7cE8XngRaNM/
AMy1FGqyVyU,SMOSH Quick Fire Reading Reddit Stories Q&A at Just For Laughs Montréal,Just For Laughs,standup,2026-08-11T13:30:14Z,26264,1598,29.8,57.9,22.7,False,https://bingebuzz.tv/videos/AMy1FGqyVyU/
xBxfrVgOfPE,I was the only Black person at the party | Nick Harvey Stand-Up Comedy,Dry Bar Comedy,standup,2026-08-16T21:00:13Z,14414,638,29.5,46.3,29.1,False,https://bingebuzz.tv/videos/xBxfrVgOfPE/
7eWgSMDfmtE,The Greatest One Man Army Isn't a Man | Bley's Arcade,Team Coco,podcast,2026-08-21T12:00:10Z,8692,241,29.3,48.6,36.6,False,https://bingebuzz.tv/videos/7eWgSMDfmtE/
YZd_uHMNzG0,Valentine’s Day is a Scam feat. Jazmyn W. | Tony B. Walkin’ | All Def,All Def,sketch,2026-07-04T13:00:39Z,15758,1009,29.1,63.7,10,False,https://bingebuzz.tv/videos/YZd_uHMNzG0/
uTjDPmyikxo,First Spanish Words - Bruce Jingles,Comedy Dynamics,shorts,2026-08-22T19:00:08Z,15154,397,29.0,33.4,35.1,False,https://bingebuzz.tv/videos/uTjDPmyikxo/
u4yhlq4fEo8,A hood contractor,AreYouGarbage? Comedy Podcast,shorts,2026-08-03T23:25:05Z,63502,844,28.6,14.9,33.6,False,https://bingebuzz.tv/videos/u4yhlq4fEo8/
BC1kVEpsY6o,Joe DeRosa & Luigi with Mark Normand & Sam Morril | We Might Be Drunk #shorts,mark normand,shorts,2026-08-16T15:00:22Z,19169,488,28.5,35.2,33.6,False,https://bingebuzz.tv/videos/BC1kVEpsY6o/
TgM7ea1SIPg,"Words are weird, who decides what is what.  Chicken fingers and fries is a good meal!",We Might Be Drunk Podcast,shorts,2026-08-10T16:06:37Z,27888,1316,28.4,52.8,22.1,False,https://bingebuzz.tv/videos/TgM7ea1SIPg/
45r1zhwPWW8,Catering to Crybabies - Nathan Timmel,Comedy Dynamics,shorts,2026-08-22T14:00:19Z,14988,430,28.4,46.0,33.2,False,https://bingebuzz.tv/videos/45r1zhwPWW8/
QQ2bq5LCA2c,The birds and the bees and the nightmare fuel... #toshshow #danieltosh #comedy #funny #shorts #bees,tosh show,shorts,2026-08-10T16:59:06Z,13244,614,28.1,50.6,27.4,False,https://bingebuzz.tv/videos/QQ2bq5LCA2c/
2HbARCCxDlE,Mark may have banged a ketchup bottle- mark normand #shorts #comedy #story,mark normand,shorts,2026-08-05T23:12:53Z,12013,578,28.1,51.9,27.6,False,https://bingebuzz.tv/videos/2HbARCCxDlE/
Ped-PvBQem0,Heavy Breathing | Coach Ron Donnelly | The Adam Ray Show on @Netflix,Adam Ray,shorts,2026-08-08T00:39:52Z,47742,1242,27.6,35.3,25.7,False,https://bingebuzz.tv/videos/Ped-PvBQem0/
6LG4UcpOgDg,Breakups Get Messy! | All Def TV | All Def,All Def,sketch,2026-07-18T13:00:29Z,7437,274,27.5,59.5,10,False,https://bingebuzz.tv/videos/6LG4UcpOgDg/
bwloRqPBVRY,I had a hair transplant (part 1) #toshshow #danieltosh #comedy #funny #podcast #shorts,tosh show,shorts,2026-07-31T17:00:55Z,63354,1550,27.4,29.4,25.1,False,https://bingebuzz.tv/videos/bwloRqPBVRY/
qt7Vig7HBRQ,Jonathan Van Ness Has Some Thoughts About Canada,Just For Laughs,standup,2026-08-28T19:26:32Z,859,7,27.4,21.8,39.2,False,https://bingebuzz.tv/videos/qt7Vig7HBRQ/
yUqo3HPuNGs,Not Putting Your Shopping Cart Back is Scum Behavior feat. Wuz Good | Tony B. Walkin’ | All Def,All Def,sketch,2026-06-13T13:00:15Z,6629,418,27.3,63.7,10,False,https://bingebuzz.tv/videos/yUqo3HPuNGs/
rXd5YAhLvqU,Black People have the BEST Pool Parties,FLAGRANT,shorts,2026-08-21T16:06:45Z,20463,342,27.0,23.4,37.1,False,https://bingebuzz.tv/videos/rXd5YAhLvqU/
_RF8IIVSdgg,TABORINES (feat. DREAMDOLL BRII),Jayy Laurent,viral,2026-08-22T06:10:25Z,20701,360,26.7,19.2,28.5,True,https://bingebuzz.tv/videos/_RF8IIVSdgg/
aIFpwz4kz4E,"Carlos Mencia in legal trouble, can't even be original in crime.",We Might Be Drunk Podcast,shorts,2026-08-11T15:07:53Z,54308,995,26.4,28.8,28.7,False,https://bingebuzz.tv/videos/aIFpwz4kz4E/
VDk8uv_aTUk,Long Arms | Annie Lederman | The Comedy Store,The Comedy Store,shorts,2026-08-21T19:00:23Z,13054,224,26.3,23.1,39.3,False,https://bingebuzz.tv/videos/VDk8uv_aTUk/
puvs3SX-1f0,Mark Normand Asks Louis C.K. a G-Y Question | We Might Be Drunk w/ Sam Morril #shorts,mark normand,shorts,2026-08-05T15:00:12Z,30539,850,26.2,36.8,25.5,False,https://bingebuzz.tv/videos/puvs3SX-1f0/
Kw5oDL_Wsi0,Hot Dogs | Dustin Ybarra | The Comedy Store,The Comedy Store,standup,2026-08-19T19:00:04Z,3253,146,25.9,52.6,28.1,False,https://bingebuzz.tv/videos/Kw5oDL_Wsi0/
Z_vRSd177Mg,Lookin Ass | Amir K | The Comedy Store,The Comedy Store,shorts,2026-08-22T19:00:18Z,553,30,25.9,46.6,28.5,False,https://bingebuzz.tv/videos/Z_vRSd177Mg/
tJyNPBlrgTY,My Son's Stupid Questions | Eunji Kim Stand-Up Comedy,Comedy Dynamics,podcast,2026-08-22T19:30:08Z,3396,108,25.8,42.0,32.0,False,https://bingebuzz.tv/videos/tJyNPBlrgTY/
r5lUeHW5Ez4,Mark Normand Talks Tourettes at the BAFTA Awards !! #shorts,mark normand,shorts,2026-08-02T15:00:37Z,17362,641,25.6,43.9,25.5,False,https://bingebuzz.tv/videos/r5lUeHW5Ez4/
W0bPGAl3OLQ,Did you see the Odyssey?,TigerBelly,shorts,2026-08-12T03:15:38Z,50679,886,25.5,25.8,28.6,False,https://bingebuzz.tv/videos/W0bPGAl3OLQ/
Cr4PsCbJqCc,Mark Normand Has a Hard Time Looking Bobby Lee in the Eye! | Tigerbelly #shorts,mark normand,shorts,2026-08-14T15:00:38Z,23344,539,25.3,27.4,30.2,False,https://bingebuzz.tv/videos/Cr4PsCbJqCc/
yzplEufE7nw,Coach Ron Donnelly with Coach Mike McDonald & GM John Schneider | The Adam Ray Show on @Netflix,Adam Ray,shorts,2026-08-09T19:00:36Z,20330,623,25.3,33.0,26.3,False,https://bingebuzz.tv/videos/yzplEufE7nw/
ObS821euKmI,PAY YOUR TAXES!,TigerBelly,shorts,2026-08-15T14:33:44Z,27459,527,25.2,22.6,31.0,False,https://bingebuzz.tv/videos/ObS821euKmI/
tE-lpYtBJE4,"Times are tough, I remember when an abortion was just $400 bucks!",We Might Be Drunk Podcast,shorts,2026-08-13T14:11:42Z,13827,525,25.2,51.5,26.1,False,https://bingebuzz.tv/videos/tE-lpYtBJE4/
t1csTwpyZOo,Pauly Shore and Frank Interview | Frank Castillo | The Comedy Store,The Comedy Store,shorts,2026-08-25T19:00:34Z,1991,46,25.1,29.4,37.0,False,https://bingebuzz.tv/videos/t1csTwpyZOo/
-2jjx1BEixU,They need to work on their aim,Bad Friends,shorts,2026-08-05T18:00:38Z,41750,814,24.9,22.4,27.9,False,https://bingebuzz.tv/videos/-2jjx1BEixU/
Hhzaybs2yEY,"From The Tonight Show to Kevin Hart’s Funny AF, Caitlin Peluffo is impossible to ignore.",Just For Laughs,shorts,2026-08-19T16:00:31Z,4334,175,24.9,45.7,27.4,False,https://bingebuzz.tv/videos/Hhzaybs2yEY/
vZbVHkNMYyc,I Hate Doing Stand-Up with Clinical Anxiety | Joseph Anthony Stand-Up Comedy,Dry Bar Comedy,standup,2026-08-16T14:00:39Z,12472,360,24.7,40.5,29.8,False,https://bingebuzz.tv/videos/vZbVHkNMYyc/
R8_rwiH7Z3E,It's a Dance Off! | All Def TV | All Def,All Def,sketch,2026-08-01T13:00:18Z,9070,313,24.7,47.8,28.2,False,https://bingebuzz.tv/videos/R8_rwiH7Z3E/
2_632NgCmSA,Sasheer Zamata - One in four chance I’m bleeding,Just For Laughs,standup,2026-08-12T13:30:29Z,4114,271,24.6,56.0,24.0,False,https://bingebuzz.tv/videos/2_632NgCmSA/
8CJ0WS4kS5E,"Neutralize it, quick! #Mo",Netflix Is A Joke,shorts,2026-08-24T17:00:00Z,8374,128,24.5,23.6,39.2,False,https://bingebuzz.tv/videos/8CJ0WS4kS5E/
nh3n7pp8Ixk,Classic Subliminal Disney,YMH Studios,shorts,2026-08-20T21:45:16Z,17452,377,24.4,26.8,31.8,False,https://bingebuzz.tv/videos/nh3n7pp8Ixk/
tapoyInP7T8,"Welcome to Stamptown, the craziest variety show you'll ever see 💥 #Stamptown #ZackZucker",Netflix Is A Joke,shorts,2026-08-25T20:00:00Z,5315,71,24.4,30.1,40.7,False,https://bingebuzz.tv/videos/tapoyInP7T8/
rMXe8-Cnwpc,Baseball through the windshield!,AreYouGarbage? Comedy Podcast,shorts,2026-07-30T22:11:50Z,35591,1001,24.2,32.3,22.6,False,https://bingebuzz.tv/videos/rMXe8-Cnwpc/
rFz2DJdwO4U,Tom Rhodes Stand Up Comedy - I Peed on the Colosseum,Just For Laughs,standup,2026-08-20T13:00:13Z,703,35,23.8,55.5,26.5,False,https://bingebuzz.tv/videos/rFz2DJdwO4U/
fpGfpa7McvQ,The REAL Reason LeBron Joined the 76ers,FLAGRANT,shorts,2026-08-10T13:15:26Z,75600,966,23.6,15.1,27.1,False,https://bingebuzz.tv/videos/fpGfpa7McvQ/
UBkR92GB_gY,Going to Turkey for a hair transplant #toshshow #danieltosh #comedy #funny #shorts,tosh show,podcast,2026-08-03T16:14:23Z,44269,913,23.6,24.7,25.3,False,https://bingebuzz.tv/videos/UBkR92GB_gY/
7JOEb1K488Y,This Is Not a Good Idea Christina,YMH Studios,shorts,2026-08-20T23:30:00Z,6686,170,23.4,35.8,31.7,False,https://bingebuzz.tv/videos/7JOEb1K488Y/
zRZq3Vv4JxA,Cobra Kai and Euphoria | Fahim Anwar | The Comedy Store,The Comedy Store,shorts,2026-08-17T19:00:19Z,4764,172,23.2,39.5,26.9,False,https://bingebuzz.tv/videos/zRZq3Vv4JxA/
-ERiDIi8suM,Rude Restaurants | Ian Edwards | The Comedy Store,The Comedy Store,shorts,2026-08-13T19:00:38Z,3435,194,23.2,53.1,23.4,False,https://bingebuzz.tv/videos/-ERiDIi8suM/
1j3ocJNRKE8,NBA groupies taking “shoot your shot” way too literally.,We Might Be Drunk Podcast,shorts,2026-08-20T13:51:37Z,3705,112,23.0,43.1,29.7,False,https://bingebuzz.tv/videos/1j3ocJNRKE8/
3cm9mF6qrhs,Top 5 Mark Normand KILLTONY Moments !! #shorts,mark normand,standup,2026-08-07T15:00:33Z,15687,405,22.5,28.3,28.1,False,https://bingebuzz.tv/videos/3cm9mF6qrhs/
_sXGsDkW-_8,Gay Bars | Francisco Ramos | The Comedy Store,The Comedy Store,shorts,2026-08-16T19:00:14Z,431,24,22.4,42.9,24.6,False,https://bingebuzz.tv/videos/_sXGsDkW-_8/
ffqeTesa4Sk,What would Patrice O'Neal's podcast be about?,We Might Be Drunk Podcast,shorts,2026-08-07T15:25:13Z,25088,693,22.3,33.8,22.9,False,https://bingebuzz.tv/videos/ffqeTesa4Sk/
FJ_OLoUkwLI,What's the worst that could happen?   #BeavisandButtHead,Comedy Central,shorts,2026-08-18T16:00:23Z,22624,290,22.3,14.6,33.4,False,https://bingebuzz.tv/videos/FJ_OLoUkwLI/
v5R-QtmPykY,Pretty Good…. Curb Audition! Behind the scenes of getting it vs not.,We Might Be Drunk Podcast,shorts,2026-08-19T15:51:35Z,15229,331,22.2,28.5,30.2,False,https://bingebuzz.tv/videos/v5R-QtmPykY/
y3ldq1eOkLo,Bigfoot | Shane Bianchi | The Comedy Store,The Comedy Store,shorts,2026-08-24T19:00:09Z,641,21,21.6,37.8,28.1,False,https://bingebuzz.tv/videos/y3ldq1eOkLo/
KqQsRnNh7Ss,Mark Normand Tells Lex Fridman about his Drag Queen Nanny!,mark normand,standup,2026-08-10T15:00:02Z,3782,119,21.4,44.0,27.3,False,https://bingebuzz.tv/videos/KqQsRnNh7Ss/
d-8kS7v-sxI,Captain Bobby demands your full attention 😭🫡🫡,TigerBelly,shorts,2026-08-17T19:12:46Z,18651,329,21.3,22.2,30.7,False,https://bingebuzz.tv/videos/d-8kS7v-sxI/
H-wQb0CiiOM,Psoriasis Gump | Harland Williams | The Comedy Store,The Comedy Store,shorts,2026-08-15T19:00:17Z,3074,112,20.9,43.1,25.1,False,https://bingebuzz.tv/videos/H-wQb0CiiOM/
Y1qYYUZ3vec,Torpedo | Argus Hamilton | The Comedy Store,The Comedy Store,shorts,2026-08-11T19:00:28Z,10635,355,20.7,33.5,23.4,False,https://bingebuzz.tv/videos/Y1qYYUZ3vec/
GD9acL9AZIU,Michael Ian Black: First Annual Retirement Special (OFFICIAL TRAILER),Comedy Dynamics,podcast,2026-08-24T17:39:00Z,1190,26,20.7,34.9,33.3,False,https://bingebuzz.tv/videos/GD9acL9AZIU/
WkG1kR7suiE,A star is born. #Detroiters,Comedy Central,shorts,2026-08-14T16:00:31Z,16539,372,20.6,22.4,27.5,False,https://bingebuzz.tv/videos/WkG1kR7suiE/
CbOcTTPrADw,Cheerios is definitely the best-case scenario for city smells #TheAdamRayShow #GooGooDolls,Netflix Is A Joke,shorts,2026-08-24T16:00:00Z,15866,219,20.3,25.1,32.2,False,https://bingebuzz.tv/videos/CbOcTTPrADw/
rkUFPsqTrJc,Joe List's Parenting Advice is Completely Unhinged,Just For Laughs,standup,2026-08-21T12:00:28Z,2673,71,19.9,42.4,28.6,False,https://bingebuzz.tv/videos/rkUFPsqTrJc/
BYNYKeQslho,Billy Joel or Bruce Springsteen,AreYouGarbage? Comedy Podcast,shorts,2026-08-01T23:39:02Z,37503,474,19.8,14.1,26.8,False,https://bingebuzz.tv/videos/BYNYKeQslho/
M278gXnXvyU,"We caught up with the SMOSH crew to talk Reddit, Montréal crowds, cocktail culture, and more. 🍸📖",Just For Laughs,shorts,2026-08-11T16:00:01Z,4051,130,19.7,37.0,24.7,False,https://bingebuzz.tv/videos/M278gXnXvyU/
wias3u3Ds1w,"Sweet dream, or a beautiful nightmare? #BroadCity",Comedy Central,sketch,2026-08-12T17:35:49Z,9026,235,19.6,26.0,26.4,False,https://bingebuzz.tv/videos/wias3u3Ds1w/
gHrLHjoI5SE,Becoming a Paid Regular at The Comedy Store,TigerBelly,shorts,2026-08-13T01:31:06Z,23362,472,19.3,24.5,24.8,False,https://bingebuzz.tv/videos/gHrLHjoI5SE/
aMOHhaTZejY,A Ghost In My Own House | Kevin Christy | The Comedy Store,The Comedy Store,shorts,2026-08-23T19:00:17Z,3770,82,19.2,25.0,30.0,False,https://bingebuzz.tv/videos/aMOHhaTZejY/
TsrGWwD5qBc,Comedy at a strip club and with inflation! Forget about it.,We Might Be Drunk Podcast,shorts,2026-08-03T14:27:38Z,28089,629,18.8,22.3,21.2,False,https://bingebuzz.tv/videos/TsrGWwD5qBc/
awEg5WxG5XY,Joe List takes the stage at Just For Laughs Toronto.,Just For Laughs,standup,2026-08-21T16:00:32Z,8080,145,18.3,23.7,30.3,False,https://bingebuzz.tv/videos/awEg5WxG5XY/
wD34tifw-PQ,Rick Glassman is so smart 🤭,TigerBelly,shorts,2026-08-09T18:05:49Z,37929,656,18.1,20.1,21.7,False,https://bingebuzz.tv/videos/wD34tifw-PQ/
KjCozr-XwnY,Why Don't We Have Better Evidence for Aliens?,FLAGRANT,shorts,2026-08-03T13:00:05Z,42029,556,18.0,20.1,23.5,False,https://bingebuzz.tv/videos/KjCozr-XwnY/
LnZnGaUiPfg,"Rory Scovel, get high and go grocery shopping",Just For Laughs,standup,2026-08-14T15:09:57Z,4126,104,17.7,27.6,26.4,False,https://bingebuzz.tv/videos/LnZnGaUiPfg/
L46pMcv5tpM,The New Wave Of Standup | Abdul Aziz,Just For Laughs,standup,2026-08-11T21:36:59Z,1378,45,17.5,39.3,23.3,False,https://bingebuzz.tv/videos/L46pMcv5tpM/
brHgwnDC6MA,White Lotus | Justin Martindale | The Comedy Store,The Comedy Store,shorts,2026-08-12T19:00:18Z,334,12,17.4,45.1,23.3,False,https://bingebuzz.tv/videos/brHgwnDC6MA/
NRcqRqIOE6c,My favorite Kill Tony moments | From episode #779 | Adam Ray on @KillTony​,Adam Ray,podcast,2026-08-06T19:00:17Z,26604,434,17.3,22.4,24.5,False,https://bingebuzz.tv/videos/NRcqRqIOE6c/
F5-Xw2rNLA0,Rewatch Rory Scovel at Just For Laughs as his new special Hired Gun is now streaming on Netflix!,Just For Laughs,shorts,2026-08-14T16:00:07Z,19884,371,17.2,20.5,24.4,False,https://bingebuzz.tv/videos/F5-Xw2rNLA0/
d-yPFXmPWE8,Expecting an Uber on the 1st date - Right or Wrong?,FLAGRANT,shorts,2026-08-06T14:45:17Z,26973,446,16.9,13.8,23.7,False,https://bingebuzz.tv/videos/d-yPFXmPWE8/
F_M25S85Oxw,Mark Normand's Trying to Write an Ozempic Joke!!!! | We Might Be Drunk w/ Sam Morril,mark normand,standup,2026-08-03T15:00:05Z,5398,140,16.9,37.1,24.5,False,https://bingebuzz.tv/videos/F_M25S85Oxw/
2AqTiu2Ne1U,Topical Comedian | Argus Hamilton | The Comedy Store,The Comedy Store,shorts,2026-08-20T19:00:23Z,8584,158,16.8,22.2,28.0,False,https://bingebuzz.tv/videos/2AqTiu2Ne1U/
yGboewdsnVM,The New Wave Of Standup | Brandon Ash-Mohammed,Just For Laughs,standup,2026-08-18T00:14:51Z,915,27,16.8,36.1,24.3,False,https://bingebuzz.tv/videos/yGboewdsnVM/
WfqqquTT63M,"The Fart Saga Continues, better out than in, I always say.",We Might Be Drunk Podcast,shorts,2026-08-05T14:42:38Z,6184,170,16.1,34.5,22.3,False,https://bingebuzz.tv/videos/WfqqquTT63M/
xZ3UeJPOtdk,Blue Cheese | Steph Tolev | The Comedy Store,The Comedy Store,shorts,2026-08-10T19:00:20Z,726,23,16.1,37.7,22.8,False,https://bingebuzz.tv/videos/xZ3UeJPOtdk/
aCSocQoy3jw,Glory holes require a lot of trust.,We Might Be Drunk Podcast,shorts,2026-07-31T18:04:10Z,2467,74,15.4,38.7,21.9,False,https://bingebuzz.tv/videos/aCSocQoy3jw/
UycGss12K4Y,KT: Behind the Tape (Ep: 782 Ron White + Jerron Horton),Kill Tony,podcast,2026-08-29T01:02:05Z,0,5,15.1,16.1,31.8,False,https://bingebuzz.tv/videos/UycGss12K4Y/
T8ShDd3a5eY,We're Done | Eleanor Kerrigan | The Comedy Store,The Comedy Store,shorts,2026-08-18T19:00:38Z,15167,191,14.6,12.8,27.3,False,https://bingebuzz.tv/videos/T8ShDd3a5eY/
W0ClB7NeuPA,"Define ""policy."" #BeavisandButtHead",Comedy Central,shorts,2026-08-04T17:42:42Z,15014,260,14.2,13.0,24.6,False,https://bingebuzz.tv/videos/W0ClB7NeuPA/
2MIvMFPxMXA,Tom Rhodes - I Peed on the Colosseum,Just For Laughs,shorts,2026-08-20T13:00:33Z,9582,89,14.1,17.5,29.0,False,https://bingebuzz.tv/videos/2MIvMFPxMXA/
KfoYiaHSKJA,Bobby only notices Asians,TigerBelly,shorts,2026-07-31T16:44:09Z,24508,380,13.9,11.3,21.5,False,https://bingebuzz.tv/videos/KfoYiaHSKJA/
3tU_wY9UvHI,Free women from their menstrual cycle!,TigerBelly,shorts,2026-08-05T16:06:37Z,19014,255,12.1,12.0,22.2,False,https://bingebuzz.tv/videos/3tU_wY9UvHI/
IFEe4i7VjpU,Do Aliens Like To A**l Probe???,FLAGRANT,shorts,2026-07-31T12:30:30Z,6978,119,11.8,13.2,24.2,False,https://bingebuzz.tv/videos/IFEe4i7VjpU/
s0VvojqyRAg,Murder mystery with no suspects. It was an inside job. 🕵️‍♀️ #SasheerZamata,Just For Laughs,shorts,2026-08-12T16:00:25Z,7880,129,11.5,20.1,24.1,False,https://bingebuzz.tv/videos/s0VvojqyRAg/
1oGQ2bgvHX0,It’s thick and definitely has a flavor 💦,TigerBelly,shorts,2026-08-11T00:28:38Z,11215,126,11.3,6.8,25.4,False,https://bingebuzz.tv/videos/1oGQ2bgvHX0/
F_p-ePbAaaw,South Africa | Bruce Gray | The Comedy Store,The Comedy Store,shorts,2026-08-14T19:00:22Z,612,12,10.2,15.0,23.8,False,https://bingebuzz.tv/videos/F_p-ePbAaaw/
PGVSEObHCcY,Weekend moooooooooood. #BroadCity,Comedy Central,shorts,2026-07-31T16:00:28Z,11062,137,9.8,6.0,23.6,False,https://bingebuzz.tv/videos/PGVSEObHCcY/
mkI2mPqRlJo,Shohei Ohtani | Sarah Tiana | The Comedy Store,The Comedy Store,shorts,2026-08-09T19:00:04Z,18553,85,9.6,7.6,21.3,False,https://bingebuzz.tv/videos/mkI2mPqRlJo/
UH8F8INa1QY,Gaydar | Eric Rocha | The Comedy Store,The Comedy Store,shorts,2026-08-07T19:00:31Z,3744,38,6.5,4.4,22.5,False,https://bingebuzz.tv/videos/UH8F8INa1QY/
-dxeleRmShA,I Want Balls | Annie Lederman | The Comedy Store,The Comedy Store,shorts,2026-08-08T19:00:23Z,2520,22,5.9,10.8,22.6,False,https://bingebuzz.tv/videos/-dxeleRmShA/
